-- phpMyAdmin SQL Dump
-- version 5.2.0
-- https://www.phpmyadmin.net/
--
-- Host: 127.0.0.1:3306
-- Generation Time: Oct 25, 2022 at 12:40 PM
-- Server version: 5.7.31
-- PHP Version: 7.4.9

SET SQL_MODE = "NO_AUTO_VALUE_ON_ZERO";
START TRANSACTION;
SET time_zone = "+00:00";


/*!40101 SET @OLD_CHARACTER_SET_CLIENT=@@CHARACTER_SET_CLIENT */;
/*!40101 SET @OLD_CHARACTER_SET_RESULTS=@@CHARACTER_SET_RESULTS */;
/*!40101 SET @OLD_COLLATION_CONNECTION=@@COLLATION_CONNECTION */;
/*!40101 SET NAMES utf8mb4 */;

--
-- Database: `report_generator`
--

-- --------------------------------------------------------

--
-- Table structure for table `admin`
--

DROP TABLE IF EXISTS `admin`;
CREATE TABLE IF NOT EXISTS `admin` (
  `RowId` int(11) NOT NULL AUTO_INCREMENT,
  `PersonId` int(11) NOT NULL,
  `CreateDateTime` int(80) DEFAULT NULL,
  PRIMARY KEY (`RowId`)
) ENGINE=InnoDB AUTO_INCREMENT=2 DEFAULT CHARSET=utf8mb4 COLLATE=utf8mb4_unicode_ci;

--
-- Dumping data for table `admin`
--

INSERT INTO `admin` (`RowId`, `PersonId`, `CreateDateTime`) VALUES
(1, 1, 5999999);

-- --------------------------------------------------------

--
-- Table structure for table `city`
--

DROP TABLE IF EXISTS `city`;
CREATE TABLE IF NOT EXISTS `city` (
  `CityId` bigint(20) NOT NULL AUTO_INCREMENT,
  `CityStateId` bigint(20) NOT NULL COMMENT 'from table state',
  `CityName` varchar(254) COLLATE utf8mb4_unicode_ci NOT NULL,
  PRIMARY KEY (`CityId`)
) ENGINE=InnoDB AUTO_INCREMENT=906 DEFAULT CHARSET=utf8mb4 COLLATE=utf8mb4_unicode_ci;

--
-- Dumping data for table `city`
--

INSERT INTO `city` (`CityId`, `CityStateId`, `CityName`) VALUES
(444, 1, 'اهر'),
(445, 1, 'هریس'),
(446, 1, 'بستان آباد'),
(447, 1, 'بناب'),
(448, 1, 'تبریز'),
(449, 1, 'آذرشهر'),
(450, 1, 'اسکو'),
(451, 1, 'سراب'),
(452, 1, 'شبستر'),
(453, 1, 'کلیبر'),
(456, 1, 'مراغه'),
(457, 1, 'عجب شیر'),
(458, 1, 'مرند'),
(459, 1, 'جلفا'),
(460, 1, 'ملکان'),
(461, 1, 'میانه'),
(462, 1, 'هشترود'),
(463, 1, 'چارااویماق'),
(464, 1, 'ورزقان'),
(465, 2, 'ارومیه'),
(466, 2, 'بوکان'),
(467, 2, 'پیرانشهر'),
(468, 2, 'سردشت'),
(469, 2, 'خوی'),
(471, 2, 'سلماس'),
(472, 2, 'ماکو'),
(473, 2, 'چالدران'),
(476, 2, 'مهاباد'),
(477, 2, 'میاندوآب'),
(478, 2, 'شاهین دژ'),
(479, 2, 'تکاپ'),
(480, 2, 'نقده'),
(481, 2, 'اشنویه'),
(482, 3, 'اردبیل'),
(483, 3, 'نمین'),
(484, 3, 'نیر'),
(485, 3, 'سرعین'),
(486, 3, 'پارس آباد'),
(487, 3, 'بیله سوار'),
(488, 3, 'خلخال'),
(489, 3, 'کوثر'),
(490, 3, 'گرمی'),
(491, 3, 'مشگین دشت'),
(492, 4, 'اردستان'),
(493, 4, 'شاهین شهر'),
(494, 4, 'میمه'),
(495, 4, 'بربخوار'),
(496, 4, 'خمینی شهر'),
(497, 4, 'سمیرم'),
(498, 4, 'شهرضا'),
(501, 4, 'فریدن'),
(502, 4, 'چادگان'),
(503, 4, 'فریدونشهر'),
(506, 4, 'فلاورجان'),
(507, 4, 'کاشان'),
(508, 4, 'آران و بیدگل'),
(509, 4, 'گلپایگان'),
(510, 4, 'خوانسار'),
(511, 4, 'لنجان'),
(512, 4, 'مبارکه'),
(513, 4, 'نائین'),
(516, 4, 'نجف آباد'),
(517, 4, 'تیران'),
(518, 4, 'کرون'),
(519, 4, 'نطنز'),
(521, 5, 'ساوجبلاغ'),
(522, 5, 'نظر آباد'),
(523, 5, 'طالقان'),
(524, 5, 'کرج'),
(525, 5, 'اشتهارد'),
(526, 5, 'فردیس'),
(527, 6, 'ایلام'),
(528, 6, 'ایوان'),
(529, 6, 'چرداول'),
(530, 6, 'مهران'),
(532, 6, 'شیروان'),
(533, 6, 'دهلران'),
(534, 6, 'دره شهر'),
(535, 6, 'آبدانان'),
(537, 7, 'بوشهر'),
(538, 7, 'گناوه'),
(539, 7, 'دیلم'),
(540, 7, 'دشتستان'),
(541, 7, 'دشتی'),
(542, 7, 'تنگستان'),
(543, 7, 'کنگان'),
(544, 7, 'دیر'),
(545, 7, 'جم'),
(547, 8, 'پاکدشت'),
(548, 8, 'تهران'),
(549, 8, 'ری'),
(550, 8, 'شمیرانات'),
(551, 8, 'اسلامشهر'),
(553, 8, 'دماوند'),
(554, 8, 'فیروزکوه'),
(555, 8, 'رباط کریم'),
(557, 8, 'شهریار'),
(560, 8, 'ورامین'),
(563, 9, 'اردل'),
(564, 9, 'فارسان'),
(565, 9, 'کوهرنگ'),
(568, 9, 'بروجن'),
(569, 9, 'شهرکرد'),
(572, 9, 'لردگان'),
(573, 10, 'بیرجند'),
(574, 10, 'درمیان'),
(576, 10, 'قائنات'),
(578, 10, 'نهبندان'),
(579, 10, 'سربیشه'),
(580, 10, 'فردوس'),
(581, 10, 'سرایان'),
(582, 10, 'طبس'),
(584, 11, 'تربت جام'),
(585, 11, 'تایباد'),
(588, 11, 'تربیت حیدریه'),
(589, 11, 'مه ولات'),
(591, 11, 'چناران'),
(593, 11, 'خواف'),
(594, 11, 'رشتخوار'),
(595, 11, 'درگز'),
(596, 11, 'سبزوار'),
(601, 11, 'فریمان'),
(602, 11, 'سرخس'),
(605, 11, 'قوچان'),
(606, 11, 'فاروج'),
(607, 11, 'کاشمر'),
(608, 11, 'خلیل آباد'),
(610, 11, 'گناباد'),
(612, 11, 'مشهد'),
(613, 11, 'کلات'),
(614, 11, 'نیشابور'),
(616, 12, 'اسفراین'),
(617, 12, 'بجنورد'),
(618, 12, 'مانه'),
(619, 12, 'سملقان'),
(620, 12, 'جاجرم'),
(624, 12, 'شیروان'),
(625, 13, 'آبادن'),
(626, 13, 'اندیمشک'),
(627, 13, 'اهواز'),
(631, 13, 'ایذه'),
(633, 13, 'بندر ماهشهر'),
(634, 13, 'امیدیه'),
(635, 13, 'هندیجان'),
(637, 13, 'بهبهان'),
(639, 13, 'خرمشهر'),
(640, 13, 'دزفول'),
(641, 13, 'دشت آزادگان'),
(643, 13, 'رامهرمز'),
(644, 13, 'رامشیر'),
(645, 13, 'شادگان'),
(646, 13, 'شوش'),
(647, 13, 'شوشتر'),
(648, 13, 'گتوند'),
(649, 13, 'مسجد سلیمان'),
(650, 13, 'لالی'),
(653, 14, 'ابهر'),
(654, 14, 'خرمدره'),
(656, 14, 'خدابنده'),
(657, 14, 'زنجان'),
(658, 14, 'طارم'),
(660, 14, 'ایجرود'),
(663, 15, 'دامغان'),
(664, 15, 'سمنان'),
(665, 15, 'مهدی شهر'),
(668, 15, 'شاهرود'),
(671, 15, 'گرمسار'),
(673, 16, 'ایرانشهر'),
(674, 16, 'سرباز'),
(675, 16, 'دلگان'),
(681, 16, 'چابهار'),
(683, 16, 'کنارک'),
(685, 16, 'خاش'),
(689, 16, 'زابل'),
(690, 16, 'زهک'),
(694, 16, 'زاهدان'),
(695, 16, 'سراوان'),
(699, 17, 'آباده'),
(700, 17, 'بوانات'),
(701, 17, 'خرم بید'),
(702, 17, 'نی ریز'),
(703, 17, 'استهبان'),
(704, 17, 'اقلید'),
(705, 17, 'جهرم'),
(706, 17, 'داراب'),
(707, 17, 'زرین دشت'),
(708, 17, 'سپیدان'),
(712, 17, 'شیراز'),
(713, 17, 'فسا'),
(714, 17, 'فیروزآباد'),
(715, 17, 'فراشبند'),
(716, 17, 'قیر'),
(717, 17, 'کارزین'),
(718, 17, 'کازرون'),
(719, 17, 'لارستان'),
(720, 17, 'خنج'),
(723, 17, 'مهر'),
(724, 17, 'مرودشت'),
(725, 17, 'پاسارگاد'),
(726, 17, 'ارسنجان'),
(727, 17, 'ممسنی'),
(729, 18, 'بوئین زهرا'),
(731, 18, 'تاکستان'),
(732, 18, 'قزوین'),
(733, 18, 'آبیک'),
(734, 18, 'البرز'),
(735, 19, 'قم'),
(736, 20, 'بیجار'),
(737, 20, 'سقز'),
(738, 20, 'بانه'),
(739, 20, 'سنندج'),
(740, 20, 'دیواندره'),
(741, 20, 'کامیاران'),
(742, 20, 'قروه'),
(744, 20, 'مریوان'),
(745, 20, 'سروآباد'),
(746, 21, 'بافت'),
(749, 21, 'بم'),
(753, 21, 'جیرفت'),
(754, 21, 'عنبرآباد'),
(755, 21, 'رفسنجان'),
(757, 21, 'زرند'),
(758, 21, 'کوهبنان'),
(759, 21, 'سیرجان'),
(760, 21, 'بردسیر'),
(761, 21, 'شهر بابک'),
(762, 21, 'کرمان'),
(763, 21, 'راور'),
(764, 21, 'کهنوج'),
(765, 21, 'منوجان'),
(766, 21, 'رودبار جنوب'),
(767, 21, 'قلعه گنج'),
(769, 22, 'اسلام آباد غرب'),
(770, 22, 'دالاهو'),
(771, 22, 'پاوه'),
(772, 22, 'جوانرود'),
(773, 22, 'ثلاث باباجانی'),
(774, 22, 'روانسر'),
(777, 22, 'سنقر'),
(778, 22, 'قصر شیرین'),
(779, 22, 'سرپل ذهاب'),
(780, 22, 'گیلان غرب'),
(781, 22, 'کرمانشاه'),
(782, 22, 'کنگاور'),
(783, 22, 'صحنه'),
(784, 22, 'هرسین'),
(785, 23, 'بویراحمد'),
(786, 23, 'دنا'),
(787, 23, 'کهگیلویه'),
(788, 23, 'بهمئی'),
(791, 23, 'گچساران'),
(793, 24, 'رامیان'),
(794, 24, 'آزادشهر'),
(795, 24, 'علی آباد'),
(796, 24, 'کردکوی'),
(797, 24, 'ترکمن'),
(798, 24, 'بندر گز'),
(800, 24, 'گرگان'),
(801, 24, 'آق قلا'),
(802, 24, 'گنبد کاووس'),
(803, 24, 'مینودشت'),
(804, 24, 'کلاله'),
(805, 24, 'مراوه تپه'),
(807, 25, 'آستارا'),
(808, 25, 'آستانه اشرفیه'),
(809, 25, 'بندر انزلی'),
(810, 25, 'رشت'),
(811, 25, 'رودبار'),
(812, 25, 'رودسر'),
(813, 25, 'املش'),
(814, 25, 'صومعه سرا'),
(815, 25, 'طوالش'),
(816, 25, 'رضوانشهر'),
(817, 25, 'ماسال'),
(818, 25, 'فومن'),
(819, 25, 'شفت'),
(820, 25, 'لاهیجان'),
(821, 25, 'سیاهکل'),
(822, 25, 'لنگرود'),
(823, 26, 'الیگودرز'),
(824, 26, 'بروجرد'),
(825, 26, 'پلدختر'),
(826, 26, 'خرم آباد'),
(828, 26, 'دلفان'),
(829, 26, 'سلسله'),
(830, 26, 'دورود'),
(831, 26, 'ازنا'),
(832, 26, 'کوهدشت'),
(834, 27, 'آمل'),
(835, 27, 'بابل'),
(836, 27, 'بابلسر'),
(838, 27, 'بهشهر'),
(839, 27, 'نکا'),
(840, 27, 'گلوگاه'),
(841, 27, 'تنکابن'),
(842, 27, 'رامسر'),
(844, 27, 'ساری'),
(846, 27, 'قائمشهر'),
(847, 27, 'سوادکوه'),
(848, 27, 'جویبار'),
(851, 27, 'نور'),
(852, 27, 'محمودآباد'),
(853, 27, 'نوشهر'),
(854, 27, 'چالوس'),
(856, 28, 'اراک'),
(857, 28, 'کمیجان'),
(859, 28, 'تفرش'),
(860, 28, 'آشتیان'),
(862, 28, 'خمین'),
(863, 28, 'ساوه'),
(864, 28, 'زرندیه'),
(865, 28, 'شازند'),
(866, 28, 'محلات'),
(867, 28, 'دلیجان'),
(868, 29, 'بندر عباس'),
(869, 29, 'قشم'),
(870, 29, 'ابوموسی'),
(871, 29, 'حاجی آباد'),
(872, 29, 'خمیر'),
(873, 29, 'بندر لنگه'),
(874, 29, 'بستک'),
(876, 29, 'میناب'),
(877, 29, 'رودان'),
(878, 29, 'جاسک'),
(881, 30, 'اسدآباد'),
(882, 30, 'بهار'),
(883, 30, 'کبودرآهنگ'),
(884, 30, 'تویسرکان'),
(885, 30, 'رزن'),
(886, 30, 'ملایر'),
(887, 30, 'نهاوند'),
(888, 30, 'همدان'),
(890, 31, 'اردکان'),
(891, 31, 'تفت'),
(892, 31, 'میبد'),
(893, 31, 'مهریز'),
(894, 31, 'بافق'),
(895, 31, 'ابرکوه'),
(896, 31, 'خاتم'),
(898, 31, 'یزد'),
(902, 4, 'اصفهان'),
(903, 17, 'سروستان'),
(904, 17, 'خرامه'),
(905, 17, 'کوار');

-- --------------------------------------------------------

--
-- Table structure for table `country`
--

DROP TABLE IF EXISTS `country`;
CREATE TABLE IF NOT EXISTS `country` (
  `CountryId` int(11) NOT NULL AUTO_INCREMENT,
  `ISO` varchar(4) NOT NULL,
  `FaName` varchar(20) NOT NULL,
  PRIMARY KEY (`CountryId`)
) ENGINE=InnoDB DEFAULT CHARSET=utf8;

-- --------------------------------------------------------

--
-- Table structure for table `foundation`
--

DROP TABLE IF EXISTS `foundation`;
CREATE TABLE IF NOT EXISTS `foundation` (
  `FoundationId` int(11) NOT NULL AUTO_INCREMENT,
  `FoundationTitle` varchar(512) COLLATE utf8mb4_unicode_ci NOT NULL,
  `IsActive` int(11) NOT NULL DEFAULT '1',
  `CreateDateTime` int(11) NOT NULL,
  PRIMARY KEY (`FoundationId`),
  KEY `FoundationId` (`FoundationId`)
) ENGINE=InnoDB AUTO_INCREMENT=4 DEFAULT CHARSET=utf8mb4 COLLATE=utf8mb4_unicode_ci COMMENT='موسسه ارزیابی که تمامی نقش های ذیل این موسسه تعریف میگردد از جمله مدیر کانون ، مدیر برنامه، ارزیاب و مشتری';

--
-- Dumping data for table `foundation`
--

INSERT INTO `foundation` (`FoundationId`, `FoundationTitle`, `IsActive`, `CreateDateTime`) VALUES
(2, 'سازمان شماره 110', 1, 1666356682),
(3, 'سازمان شماره 120', 1, 1666356730);

-- --------------------------------------------------------

--
-- Table structure for table `foundation_admin`
--

DROP TABLE IF EXISTS `foundation_admin`;
CREATE TABLE IF NOT EXISTS `foundation_admin` (
  `RowId` int(11) NOT NULL AUTO_INCREMENT,
  `PersonId` int(11) NOT NULL,
  `FoundationId` int(11) NOT NULL,
  `CreateDateTime` int(11) NOT NULL,
  PRIMARY KEY (`RowId`),
  KEY `FK_FoundationAdminFoundationID` (`FoundationId`)
) ENGINE=InnoDB AUTO_INCREMENT=5 DEFAULT CHARSET=utf8mb4 COLLATE=utf8mb4_unicode_ci COMMENT='رابط موسسه ارزیابی که عملیات را در پنل ارزیاب انجام میدهد';

--
-- Dumping data for table `foundation_admin`
--

INSERT INTO `foundation_admin` (`RowId`, `PersonId`, `FoundationId`, `CreateDateTime`) VALUES
(1, 2, 2, 1630252966),
(2, 3, 3, 1666356620);

-- --------------------------------------------------------

--
-- Table structure for table `foundation_order`
--

DROP TABLE IF EXISTS `foundation_order`;
CREATE TABLE IF NOT EXISTS `foundation_order` (
  `OrderId` int(11) NOT NULL AUTO_INCREMENT,
  `OrderTitle` varchar(520) COLLATE utf8mb4_unicode_ci NOT NULL,
  `FoundationId` int(11) NOT NULL,
  `IsActive` int(11) NOT NULL DEFAULT '1',
  `CreateDateTime` int(11) NOT NULL,
  PRIMARY KEY (`OrderId`),
  KEY `FoundationId` (`FoundationId`)
) ENGINE=InnoDB AUTO_INCREMENT=8 DEFAULT CHARSET=utf8mb4 COLLATE=utf8mb4_unicode_ci COMMENT='سفارش که برای مشتری توسط موسسه ارزیابی تعریف میگردد';

--
-- Dumping data for table `foundation_order`
--

INSERT INTO `foundation_order` (`OrderId`, `OrderTitle`, `FoundationId`, `IsActive`, `CreateDateTime`) VALUES
(4, 'شفارش شماره 2', 3, 1, 1652597391),
(5, 'سفارش شماره 1', 3, 1, 1653473289),
(6, 'دوره شماره 110', 2, 1, 1666382160);

-- --------------------------------------------------------

--
-- Table structure for table `foundation_order_area`
--

DROP TABLE IF EXISTS `foundation_order_area`;
CREATE TABLE IF NOT EXISTS `foundation_order_area` (
  `AreaId` int(11) NOT NULL AUTO_INCREMENT,
  `AreaTitle` varchar(80) COLLATE utf8mb4_unicode_ci NOT NULL,
  `AreaDataType` varchar(80) COLLATE utf8mb4_unicode_ci NOT NULL DEFAULT 'Number',
  `OrderId` int(11) NOT NULL,
  `CreateDateTime` int(11) NOT NULL,
  PRIMARY KEY (`AreaId`),
  KEY `OrderId` (`OrderId`)
) ENGINE=InnoDB AUTO_INCREMENT=10 DEFAULT CHARSET=utf8mb4 COLLATE=utf8mb4_unicode_ci;

--
-- Dumping data for table `foundation_order_area`
--

INSERT INTO `foundation_order_area` (`AreaId`, `AreaTitle`, `AreaDataType`, `OrderId`, `CreateDateTime`) VALUES
(6, 'حوزه رغبت', 'Number', 6, 1666383045),
(8, 'حوزه هوش', 'String', 6, 1666383769),
(9, 'حوزه درسی', 'Number', 6, 1666680911);

-- --------------------------------------------------------

--
-- Table structure for table `foundation_order_area_titles`
--

DROP TABLE IF EXISTS `foundation_order_area_titles`;
CREATE TABLE IF NOT EXISTS `foundation_order_area_titles` (
  `FATId` int(11) NOT NULL AUTO_INCREMENT,
  `FATTitle` varchar(250) COLLATE utf8mb4_unicode_ci NOT NULL,
  `FATAreaId` int(11) NOT NULL,
  `CreateDateTime` int(11) NOT NULL,
  PRIMARY KEY (`FATId`)
) ENGINE=InnoDB AUTO_INCREMENT=99 DEFAULT CHARSET=utf8mb4 COLLATE=utf8mb4_unicode_ci;

--
-- Dumping data for table `foundation_order_area_titles`
--

INSERT INTO `foundation_order_area_titles` (`FATId`, `FATTitle`, `FATAreaId`, `CreateDateTime`) VALUES
(12, 'شادمانی', 6, 1666635068),
(13, 'خوشبختی', 6, 1666634492),
(14, 'عصبانیت', 6, 1666634492),
(16, 'خلاقیت', 6, 1666634492),
(17, 'درمانی', 6, 1666634492),
(18, 'زندگی', 6, 1666634492),
(19, 'شنوایی', 8, 1666677931),
(20, 'بویایی', 8, 1666677931),
(21, 'بینایی', 8, 1666677931),
(92, 'ریاضی', 9, 1666680759),
(93, 'علوم', 9, 1666680759),
(94, 'دینی', 9, 1666680759),
(95, 'جفرافیا', 9, 1666680759),
(96, 'تاریخ', 9, 1666680759),
(97, 'ورزش', 9, 1666680759),
(98, 'عربی', 9, 1666680759),
(99, 'فیزیک', 9, 1666677931),
(100, 'پرورشی', 9, 1666677931);

-- --------------------------------------------------------

--
-- Table structure for table `foundation_order_area_titles_scores`
--

DROP TABLE IF EXISTS `foundation_order_area_titles_scores`;
CREATE TABLE IF NOT EXISTS `foundation_order_area_titles_scores` (
  `FATScoreId` int(11) NOT NULL AUTO_INCREMENT,
  `FirstName` varchar(80) COLLATE utf8mb4_unicode_ci DEFAULT NULL,
  `LastName` varchar(80) COLLATE utf8mb4_unicode_ci DEFAULT NULL,
  `NationalCode` varchar(80) COLLATE utf8mb4_unicode_ci DEFAULT NULL,
  `FATScore` varchar(80) COLLATE utf8mb4_unicode_ci DEFAULT NULL,
  `FATId` int(11) NOT NULL,
  `CreateDateTime` int(11) NOT NULL,
  PRIMARY KEY (`FATScoreId`)
) ENGINE=InnoDB AUTO_INCREMENT=1255 DEFAULT CHARSET=utf8mb4 COLLATE=utf8mb4_unicode_ci;

--
-- Dumping data for table `foundation_order_area_titles_scores`
--

INSERT INTO `foundation_order_area_titles_scores` (`FATScoreId`, `FirstName`, `LastName`, `NationalCode`, `FATScore`, `FATId`, `CreateDateTime`) VALUES
(805, 'Dasie', 'Pigram', '238-98-3176', '92', 92, 1666689544),
(806, 'Dasie', 'Pigram', '238-98-3176', '80', 93, 1666689544),
(807, 'Dasie', 'Pigram', '238-98-3176', '10', 94, 1666689544),
(808, 'Dasie', 'Pigram', '238-98-3176', '80', 95, 1666689544),
(809, 'Dasie', 'Pigram', '238-98-3176', '67', 96, 1666689544),
(810, 'Dasie', 'Pigram', '238-98-3176', '46', 97, 1666689544),
(811, 'Dasie', 'Pigram', '238-98-3176', '95', 98, 1666689544),
(812, 'Dasie', 'Pigram', '238-98-3176', '96', 99, 1666689544),
(813, 'Dasie', 'Pigram', '238-98-3176', '100', 100, 1666689544),
(814, 'Dare', 'Gheeorghie', '247-66-3052', '84', 92, 1666689544),
(815, 'Dare', 'Gheeorghie', '247-66-3052', '52', 93, 1666689544),
(816, 'Dare', 'Gheeorghie', '247-66-3052', '4', 94, 1666689544),
(817, 'Dare', 'Gheeorghie', '247-66-3052', '10', 95, 1666689544),
(818, 'Dare', 'Gheeorghie', '247-66-3052', '15', 96, 1666689544),
(819, 'Dare', 'Gheeorghie', '247-66-3052', '11', 97, 1666689544),
(820, 'Dare', 'Gheeorghie', '247-66-3052', '67', 98, 1666689544),
(821, 'Dare', 'Gheeorghie', '247-66-3052', '7', 99, 1666689544),
(822, 'Dare', 'Gheeorghie', '247-66-3052', '92', 100, 1666689544),
(823, 'Carolynn', 'Sisneros', '739-18-0890', '44', 92, 1666689545),
(824, 'Carolynn', 'Sisneros', '739-18-0890', '23', 93, 1666689545),
(825, 'Carolynn', 'Sisneros', '739-18-0890', '22', 94, 1666689545),
(826, 'Carolynn', 'Sisneros', '739-18-0890', '47', 95, 1666689545),
(827, 'Carolynn', 'Sisneros', '739-18-0890', '16', 96, 1666689545),
(828, 'Carolynn', 'Sisneros', '739-18-0890', '2', 97, 1666689545),
(829, 'Carolynn', 'Sisneros', '739-18-0890', '16', 98, 1666689545),
(830, 'Carolynn', 'Sisneros', '739-18-0890', '62', 99, 1666689545),
(831, 'Carolynn', 'Sisneros', '739-18-0890', '40', 100, 1666689545),
(832, 'Jasun', 'Parks', '482-69-4295', '15', 92, 1666689545),
(833, 'Jasun', 'Parks', '482-69-4295', '18', 93, 1666689545),
(834, 'Jasun', 'Parks', '482-69-4295', '7', 94, 1666689545),
(835, 'Jasun', 'Parks', '482-69-4295', '71', 95, 1666689545),
(836, 'Jasun', 'Parks', '482-69-4295', '79', 96, 1666689545),
(837, 'Jasun', 'Parks', '482-69-4295', '80', 97, 1666689545),
(838, 'Jasun', 'Parks', '482-69-4295', '41', 98, 1666689545),
(839, 'Jasun', 'Parks', '482-69-4295', '94', 99, 1666689545),
(840, 'Jasun', 'Parks', '482-69-4295', '4', 100, 1666689545),
(841, 'Janine', 'Abrahim', '424-77-4639', '4', 92, 1666689545),
(842, 'Janine', 'Abrahim', '424-77-4639', '65', 93, 1666689545),
(843, 'Janine', 'Abrahim', '424-77-4639', '88', 94, 1666689545),
(844, 'Janine', 'Abrahim', '424-77-4639', '99', 95, 1666689545),
(845, 'Janine', 'Abrahim', '424-77-4639', '18', 96, 1666689545),
(846, 'Janine', 'Abrahim', '424-77-4639', '84', 97, 1666689545),
(847, 'Janine', 'Abrahim', '424-77-4639', '59', 98, 1666689545),
(848, 'Janine', 'Abrahim', '424-77-4639', '91', 99, 1666689545),
(849, 'Janine', 'Abrahim', '424-77-4639', '19', 100, 1666689545),
(850, 'Quinta', 'Crosson', '146-98-8030', '64', 92, 1666689545),
(851, 'Quinta', 'Crosson', '146-98-8030', '4', 93, 1666689545),
(852, 'Quinta', 'Crosson', '146-98-8030', '89', 94, 1666689545),
(853, 'Quinta', 'Crosson', '146-98-8030', '67', 95, 1666689545),
(854, 'Quinta', 'Crosson', '146-98-8030', '82', 96, 1666689545),
(855, 'Quinta', 'Crosson', '146-98-8030', '77', 97, 1666689545),
(856, 'Quinta', 'Crosson', '146-98-8030', '52', 98, 1666689545),
(857, 'Quinta', 'Crosson', '146-98-8030', '98', 99, 1666689546),
(858, 'Quinta', 'Crosson', '146-98-8030', '22', 100, 1666689546),
(859, 'Ursulina', 'Sambells', '645-64-0432', '79', 92, 1666689546),
(860, 'Ursulina', 'Sambells', '645-64-0432', '19', 93, 1666689546),
(861, 'Ursulina', 'Sambells', '645-64-0432', '8', 94, 1666689546),
(862, 'Ursulina', 'Sambells', '645-64-0432', '77', 95, 1666689546),
(863, 'Ursulina', 'Sambells', '645-64-0432', '71', 96, 1666689546),
(864, 'Ursulina', 'Sambells', '645-64-0432', '56', 97, 1666689546),
(865, 'Ursulina', 'Sambells', '645-64-0432', '36', 98, 1666689546),
(866, 'Ursulina', 'Sambells', '645-64-0432', '87', 99, 1666689546),
(867, 'Ursulina', 'Sambells', '645-64-0432', '91', 100, 1666689546),
(868, 'Donica', 'Divis', '194-28-0456', '47', 92, 1666689546),
(869, 'Donica', 'Divis', '194-28-0456', '63', 93, 1666689546),
(870, 'Donica', 'Divis', '194-28-0456', '49', 94, 1666689546),
(871, 'Donica', 'Divis', '194-28-0456', '98', 95, 1666689546),
(872, 'Donica', 'Divis', '194-28-0456', '79', 96, 1666689546),
(873, 'Donica', 'Divis', '194-28-0456', '4', 97, 1666689546),
(874, 'Donica', 'Divis', '194-28-0456', '97', 98, 1666689546),
(875, 'Donica', 'Divis', '194-28-0456', '10', 99, 1666689546),
(876, 'Donica', 'Divis', '194-28-0456', '47', 100, 1666689546),
(877, 'Locke', 'Laughren', '491-07-3626', '4', 92, 1666689546),
(878, 'Locke', 'Laughren', '491-07-3626', '99', 93, 1666689546),
(879, 'Locke', 'Laughren', '491-07-3626', '92', 94, 1666689546),
(880, 'Locke', 'Laughren', '491-07-3626', '91', 95, 1666689546),
(881, 'Locke', 'Laughren', '491-07-3626', '84', 96, 1666689546),
(882, 'Locke', 'Laughren', '491-07-3626', '35', 97, 1666689546),
(883, 'Locke', 'Laughren', '491-07-3626', '67', 98, 1666689546),
(884, 'Locke', 'Laughren', '491-07-3626', '97', 99, 1666689546),
(885, 'Locke', 'Laughren', '491-07-3626', '16', 100, 1666689546),
(886, 'Papageno', 'Joseph', '465-56-1639', '68', 92, 1666689546),
(887, 'Papageno', 'Joseph', '465-56-1639', '13', 93, 1666689546),
(888, 'Papageno', 'Joseph', '465-56-1639', '92', 94, 1666689546),
(889, 'Papageno', 'Joseph', '465-56-1639', '10', 95, 1666689546),
(890, 'Papageno', 'Joseph', '465-56-1639', '80', 96, 1666689546),
(891, 'Papageno', 'Joseph', '465-56-1639', '25', 97, 1666689547),
(892, 'Papageno', 'Joseph', '465-56-1639', '7', 98, 1666689547),
(893, 'Papageno', 'Joseph', '465-56-1639', '51', 99, 1666689547),
(894, 'Papageno', 'Joseph', '465-56-1639', '4', 100, 1666689547),
(895, 'Doug', 'Ginity', '819-42-0727', '73', 92, 1666689547),
(896, 'Doug', 'Ginity', '819-42-0727', '83', 93, 1666689547),
(897, 'Doug', 'Ginity', '819-42-0727', '82', 94, 1666689547),
(898, 'Doug', 'Ginity', '819-42-0727', '56', 95, 1666689547),
(899, 'Doug', 'Ginity', '819-42-0727', '87', 96, 1666689547),
(900, 'Doug', 'Ginity', '819-42-0727', '82', 97, 1666689547),
(901, 'Doug', 'Ginity', '819-42-0727', '45', 98, 1666689547),
(902, 'Doug', 'Ginity', '819-42-0727', '81', 99, 1666689547),
(903, 'Doug', 'Ginity', '819-42-0727', '74', 100, 1666689547),
(904, 'Neely', 'Roistone', '214-54-9768', '73', 92, 1666689547),
(905, 'Neely', 'Roistone', '214-54-9768', '10', 93, 1666689547),
(906, 'Neely', 'Roistone', '214-54-9768', '55', 94, 1666689547),
(907, 'Neely', 'Roistone', '214-54-9768', '40', 95, 1666689547),
(908, 'Neely', 'Roistone', '214-54-9768', '25', 96, 1666689547),
(909, 'Neely', 'Roistone', '214-54-9768', '21', 97, 1666689547),
(910, 'Neely', 'Roistone', '214-54-9768', '90', 98, 1666689547),
(911, 'Neely', 'Roistone', '214-54-9768', '85', 99, 1666689547),
(912, 'Neely', 'Roistone', '214-54-9768', '94', 100, 1666689547),
(913, 'Albertina', 'Cail', '579-11-8173', '48', 92, 1666689547),
(914, 'Albertina', 'Cail', '579-11-8173', '49', 93, 1666689547),
(915, 'Albertina', 'Cail', '579-11-8173', '24', 94, 1666689547),
(916, 'Albertina', 'Cail', '579-11-8173', '62', 95, 1666689547),
(917, 'Albertina', 'Cail', '579-11-8173', '5', 96, 1666689547),
(918, 'Albertina', 'Cail', '579-11-8173', '60', 97, 1666689547),
(919, 'Albertina', 'Cail', '579-11-8173', '87', 98, 1666689547),
(920, 'Albertina', 'Cail', '579-11-8173', '73', 99, 1666689547),
(921, 'Albertina', 'Cail', '579-11-8173', '10', 100, 1666689547),
(922, 'Isidor', 'Ketley', '425-96-2203', '89', 92, 1666689547),
(923, 'Isidor', 'Ketley', '425-96-2203', '91', 93, 1666689547),
(924, 'Isidor', 'Ketley', '425-96-2203', '94', 94, 1666689547),
(925, 'Isidor', 'Ketley', '425-96-2203', '17', 95, 1666689547),
(926, 'Isidor', 'Ketley', '425-96-2203', '65', 96, 1666689547),
(927, 'Isidor', 'Ketley', '425-96-2203', '39', 97, 1666689547),
(928, 'Isidor', 'Ketley', '425-96-2203', '81', 98, 1666689547),
(929, 'Isidor', 'Ketley', '425-96-2203', '3', 99, 1666689547),
(930, 'Isidor', 'Ketley', '425-96-2203', '95', 100, 1666689547),
(931, 'Bernete', 'Mellodey', '315-59-5135', '41', 92, 1666689547),
(932, 'Bernete', 'Mellodey', '315-59-5135', '75', 93, 1666689548),
(933, 'Bernete', 'Mellodey', '315-59-5135', '63', 94, 1666689548),
(934, 'Bernete', 'Mellodey', '315-59-5135', '90', 95, 1666689548),
(935, 'Bernete', 'Mellodey', '315-59-5135', '7', 96, 1666689548),
(936, 'Bernete', 'Mellodey', '315-59-5135', '32', 97, 1666689548),
(937, 'Bernete', 'Mellodey', '315-59-5135', '80', 98, 1666689548),
(938, 'Bernete', 'Mellodey', '315-59-5135', '62', 99, 1666689548),
(939, 'Bernete', 'Mellodey', '315-59-5135', '54', 100, 1666689548),
(940, 'Shayla', 'Brisard', '358-67-8542', '15', 92, 1666689548),
(941, 'Shayla', 'Brisard', '358-67-8542', '83', 93, 1666689548),
(942, 'Shayla', 'Brisard', '358-67-8542', '7', 94, 1666689548),
(943, 'Shayla', 'Brisard', '358-67-8542', '62', 95, 1666689548),
(944, 'Shayla', 'Brisard', '358-67-8542', '81', 96, 1666689548),
(945, 'Shayla', 'Brisard', '358-67-8542', '18', 97, 1666689548),
(946, 'Shayla', 'Brisard', '358-67-8542', '98', 98, 1666689548),
(947, 'Shayla', 'Brisard', '358-67-8542', '18', 99, 1666689548),
(948, 'Shayla', 'Brisard', '358-67-8542', '86', 100, 1666689548),
(949, 'Roanna', 'O\'Dreain', '593-18-9772', '82', 92, 1666689548),
(950, 'Roanna', 'O\'Dreain', '593-18-9772', '53', 93, 1666689548),
(951, 'Roanna', 'O\'Dreain', '593-18-9772', '63', 94, 1666689548),
(952, 'Roanna', 'O\'Dreain', '593-18-9772', '30', 95, 1666689548),
(953, 'Roanna', 'O\'Dreain', '593-18-9772', '100', 96, 1666689548),
(954, 'Roanna', 'O\'Dreain', '593-18-9772', '56', 97, 1666689548),
(955, 'Roanna', 'O\'Dreain', '593-18-9772', '64', 98, 1666689548),
(956, 'Roanna', 'O\'Dreain', '593-18-9772', '81', 99, 1666689548),
(957, 'Roanna', 'O\'Dreain', '593-18-9772', '77', 100, 1666689548),
(958, 'Pepito', 'Bouzek', '178-60-3601', '68', 92, 1666689548),
(959, 'Pepito', 'Bouzek', '178-60-3601', '30', 93, 1666689548),
(960, 'Pepito', 'Bouzek', '178-60-3601', '43', 94, 1666689548),
(961, 'Pepito', 'Bouzek', '178-60-3601', '88', 95, 1666689548),
(962, 'Pepito', 'Bouzek', '178-60-3601', '85', 96, 1666689548),
(963, 'Pepito', 'Bouzek', '178-60-3601', '100', 97, 1666689548),
(964, 'Pepito', 'Bouzek', '178-60-3601', '22', 98, 1666689548),
(965, 'Pepito', 'Bouzek', '178-60-3601', '73', 99, 1666689548),
(966, 'Pepito', 'Bouzek', '178-60-3601', '81', 100, 1666689548),
(967, 'Lucienne', 'Commins', '302-47-1046', '70', 92, 1666689548),
(968, 'Lucienne', 'Commins', '302-47-1046', '66', 93, 1666689549),
(969, 'Lucienne', 'Commins', '302-47-1046', '60', 94, 1666689549),
(970, 'Lucienne', 'Commins', '302-47-1046', '38', 95, 1666689549),
(971, 'Lucienne', 'Commins', '302-47-1046', '7', 96, 1666689549),
(972, 'Lucienne', 'Commins', '302-47-1046', '47', 97, 1666689549),
(973, 'Lucienne', 'Commins', '302-47-1046', '76', 98, 1666689549),
(974, 'Lucienne', 'Commins', '302-47-1046', '38', 99, 1666689549),
(975, 'Lucienne', 'Commins', '302-47-1046', '38', 100, 1666689549),
(976, 'Bria', 'Littlejohn', '785-68-8088', '1', 92, 1666689549),
(977, 'Bria', 'Littlejohn', '785-68-8088', '97', 93, 1666689549),
(978, 'Bria', 'Littlejohn', '785-68-8088', '24', 94, 1666689549),
(979, 'Bria', 'Littlejohn', '785-68-8088', '57', 95, 1666689549),
(980, 'Bria', 'Littlejohn', '785-68-8088', '17', 96, 1666689549),
(981, 'Bria', 'Littlejohn', '785-68-8088', '92', 97, 1666689549),
(982, 'Bria', 'Littlejohn', '785-68-8088', '11', 98, 1666689549),
(983, 'Bria', 'Littlejohn', '785-68-8088', '91', 99, 1666689549),
(984, 'Bria', 'Littlejohn', '785-68-8088', '50', 100, 1666689549),
(985, 'Mordecai', 'Whitnell', '199-84-5269', '86', 92, 1666689549),
(986, 'Mordecai', 'Whitnell', '199-84-5269', '33', 93, 1666689549),
(987, 'Mordecai', 'Whitnell', '199-84-5269', '99', 94, 1666689549),
(988, 'Mordecai', 'Whitnell', '199-84-5269', '86', 95, 1666689549),
(989, 'Mordecai', 'Whitnell', '199-84-5269', '4', 96, 1666689549),
(990, 'Mordecai', 'Whitnell', '199-84-5269', '84', 97, 1666689549),
(991, 'Mordecai', 'Whitnell', '199-84-5269', '55', 98, 1666689549),
(992, 'Mordecai', 'Whitnell', '199-84-5269', '78', 99, 1666689549),
(993, 'Mordecai', 'Whitnell', '199-84-5269', '90', 100, 1666689549),
(994, 'Norbie', 'Jermy', '829-34-0575', '51', 92, 1666689549),
(995, 'Norbie', 'Jermy', '829-34-0575', '52', 93, 1666689549),
(996, 'Norbie', 'Jermy', '829-34-0575', '51', 94, 1666689549),
(997, 'Norbie', 'Jermy', '829-34-0575', '67', 95, 1666689549),
(998, 'Norbie', 'Jermy', '829-34-0575', '58', 96, 1666689549),
(999, 'Norbie', 'Jermy', '829-34-0575', '63', 97, 1666689549),
(1000, 'Norbie', 'Jermy', '829-34-0575', '74', 98, 1666689549),
(1001, 'Norbie', 'Jermy', '829-34-0575', '88', 99, 1666689549),
(1002, 'Norbie', 'Jermy', '829-34-0575', '65', 100, 1666689549),
(1003, 'Traci', 'Petrashov', '433-73-5948', '97', 92, 1666689549),
(1004, 'Traci', 'Petrashov', '433-73-5948', '47', 93, 1666689549),
(1005, 'Traci', 'Petrashov', '433-73-5948', '33', 94, 1666689549),
(1006, 'Traci', 'Petrashov', '433-73-5948', '14', 95, 1666689550),
(1007, 'Traci', 'Petrashov', '433-73-5948', '48', 96, 1666689550),
(1008, 'Traci', 'Petrashov', '433-73-5948', '60', 97, 1666689550),
(1009, 'Traci', 'Petrashov', '433-73-5948', '43', 98, 1666689550),
(1010, 'Traci', 'Petrashov', '433-73-5948', '58', 99, 1666689550),
(1011, 'Traci', 'Petrashov', '433-73-5948', '24', 100, 1666689550),
(1012, 'Ragnar', 'Blacker', '614-65-5478', '90', 92, 1666689550),
(1013, 'Ragnar', 'Blacker', '614-65-5478', '56', 93, 1666689550),
(1014, 'Ragnar', 'Blacker', '614-65-5478', '79', 94, 1666689550),
(1015, 'Ragnar', 'Blacker', '614-65-5478', '29', 95, 1666689550),
(1016, 'Ragnar', 'Blacker', '614-65-5478', '51', 96, 1666689550),
(1017, 'Ragnar', 'Blacker', '614-65-5478', '73', 97, 1666689550),
(1018, 'Ragnar', 'Blacker', '614-65-5478', '44', 98, 1666689550),
(1019, 'Ragnar', 'Blacker', '614-65-5478', '64', 99, 1666689550),
(1020, 'Ragnar', 'Blacker', '614-65-5478', '86', 100, 1666689550),
(1021, 'Francklin', 'Wayvill', '762-59-1772', '90', 92, 1666689550),
(1022, 'Francklin', 'Wayvill', '762-59-1772', '59', 93, 1666689550),
(1023, 'Francklin', 'Wayvill', '762-59-1772', '93', 94, 1666689550),
(1024, 'Francklin', 'Wayvill', '762-59-1772', '20', 95, 1666689550),
(1025, 'Francklin', 'Wayvill', '762-59-1772', '19', 96, 1666689550),
(1026, 'Francklin', 'Wayvill', '762-59-1772', '20', 97, 1666689550),
(1027, 'Francklin', 'Wayvill', '762-59-1772', '63', 98, 1666689550),
(1028, 'Francklin', 'Wayvill', '762-59-1772', '53', 99, 1666689550),
(1029, 'Francklin', 'Wayvill', '762-59-1772', '97', 100, 1666689550),
(1030, 'Zora', 'Walcher', '517-16-6271', '19', 92, 1666689550),
(1031, 'Zora', 'Walcher', '517-16-6271', '54', 93, 1666689550),
(1032, 'Zora', 'Walcher', '517-16-6271', '73', 94, 1666689550),
(1033, 'Zora', 'Walcher', '517-16-6271', '96', 95, 1666689550),
(1034, 'Zora', 'Walcher', '517-16-6271', '44', 96, 1666689550),
(1035, 'Zora', 'Walcher', '517-16-6271', '49', 97, 1666689550),
(1036, 'Zora', 'Walcher', '517-16-6271', '44', 98, 1666689550),
(1037, 'Zora', 'Walcher', '517-16-6271', '57', 99, 1666689550),
(1038, 'Zora', 'Walcher', '517-16-6271', '41', 100, 1666689550),
(1039, 'Guillema', 'Lettley', '188-72-5303', '54', 92, 1666689550),
(1040, 'Guillema', 'Lettley', '188-72-5303', '29', 93, 1666689550),
(1041, 'Guillema', 'Lettley', '188-72-5303', '61', 94, 1666689550),
(1042, 'Guillema', 'Lettley', '188-72-5303', '28', 95, 1666689550),
(1043, 'Guillema', 'Lettley', '188-72-5303', '97', 96, 1666689550),
(1044, 'Guillema', 'Lettley', '188-72-5303', '56', 97, 1666689550),
(1045, 'Guillema', 'Lettley', '188-72-5303', '59', 98, 1666689550),
(1046, 'Guillema', 'Lettley', '188-72-5303', '50', 99, 1666689550),
(1047, 'Guillema', 'Lettley', '188-72-5303', '65', 100, 1666689551),
(1048, 'Ermina', 'Eccersley', '668-51-6919', '69', 92, 1666689551),
(1049, 'Ermina', 'Eccersley', '668-51-6919', '61', 93, 1666689551),
(1050, 'Ermina', 'Eccersley', '668-51-6919', '65', 94, 1666689551),
(1051, 'Ermina', 'Eccersley', '668-51-6919', '57', 95, 1666689551),
(1052, 'Ermina', 'Eccersley', '668-51-6919', '73', 96, 1666689551),
(1053, 'Ermina', 'Eccersley', '668-51-6919', '8', 97, 1666689551),
(1054, 'Ermina', 'Eccersley', '668-51-6919', '98', 98, 1666689551),
(1055, 'Ermina', 'Eccersley', '668-51-6919', '68', 99, 1666689551),
(1056, 'Ermina', 'Eccersley', '668-51-6919', '34', 100, 1666689551),
(1057, 'Kelwin', 'Shurville', '285-29-0165', '76', 92, 1666689551),
(1058, 'Kelwin', 'Shurville', '285-29-0165', '99', 93, 1666689551),
(1059, 'Kelwin', 'Shurville', '285-29-0165', '90', 94, 1666689551),
(1060, 'Kelwin', 'Shurville', '285-29-0165', '3', 95, 1666689551),
(1061, 'Kelwin', 'Shurville', '285-29-0165', '83', 96, 1666689551),
(1062, 'Kelwin', 'Shurville', '285-29-0165', '91', 97, 1666689551),
(1063, 'Kelwin', 'Shurville', '285-29-0165', '81', 98, 1666689551),
(1064, 'Kelwin', 'Shurville', '285-29-0165', '60', 99, 1666689551),
(1065, 'Kelwin', 'Shurville', '285-29-0165', '57', 100, 1666689551),
(1066, 'Alanna', 'Grady', '377-34-5971', '41', 92, 1666689551),
(1067, 'Alanna', 'Grady', '377-34-5971', '69', 93, 1666689551),
(1068, 'Alanna', 'Grady', '377-34-5971', '36', 94, 1666689551),
(1069, 'Alanna', 'Grady', '377-34-5971', '36', 95, 1666689551),
(1070, 'Alanna', 'Grady', '377-34-5971', '66', 96, 1666689551),
(1071, 'Alanna', 'Grady', '377-34-5971', '6', 97, 1666689551),
(1072, 'Alanna', 'Grady', '377-34-5971', '62', 98, 1666689551),
(1073, 'Alanna', 'Grady', '377-34-5971', '28', 99, 1666689551),
(1074, 'Alanna', 'Grady', '377-34-5971', '14', 100, 1666689551),
(1075, 'Alejoa', 'O\'Suaird', '500-85-0129', '40', 92, 1666689551),
(1076, 'Alejoa', 'O\'Suaird', '500-85-0129', '70', 93, 1666689551),
(1077, 'Alejoa', 'O\'Suaird', '500-85-0129', '57', 94, 1666689551),
(1078, 'Alejoa', 'O\'Suaird', '500-85-0129', '11', 95, 1666689551),
(1079, 'Alejoa', 'O\'Suaird', '500-85-0129', '27', 96, 1666689551),
(1080, 'Alejoa', 'O\'Suaird', '500-85-0129', '94', 97, 1666689551),
(1081, 'Alejoa', 'O\'Suaird', '500-85-0129', '86', 98, 1666689552),
(1082, 'Alejoa', 'O\'Suaird', '500-85-0129', '54', 99, 1666689552),
(1083, 'Alejoa', 'O\'Suaird', '500-85-0129', '99', 100, 1666689552),
(1084, 'Tobi', 'Artindale', '699-97-7634', '42', 92, 1666689552),
(1085, 'Tobi', 'Artindale', '699-97-7634', '97', 93, 1666689552),
(1086, 'Tobi', 'Artindale', '699-97-7634', '41', 94, 1666689552),
(1087, 'Tobi', 'Artindale', '699-97-7634', '22', 95, 1666689552),
(1088, 'Tobi', 'Artindale', '699-97-7634', '74', 96, 1666689552),
(1089, 'Tobi', 'Artindale', '699-97-7634', '50', 97, 1666689552),
(1090, 'Tobi', 'Artindale', '699-97-7634', '68', 98, 1666689552),
(1091, 'Tobi', 'Artindale', '699-97-7634', '15', 99, 1666689552),
(1092, 'Tobi', 'Artindale', '699-97-7634', '76', 100, 1666689552),
(1093, 'Hamil', 'De Angelo', '134-52-3409', '26', 92, 1666689552),
(1094, 'Hamil', 'De Angelo', '134-52-3409', '26', 93, 1666689552),
(1095, 'Hamil', 'De Angelo', '134-52-3409', '33', 94, 1666689552),
(1096, 'Hamil', 'De Angelo', '134-52-3409', '65', 95, 1666689552),
(1097, 'Hamil', 'De Angelo', '134-52-3409', '32', 96, 1666689552),
(1098, 'Hamil', 'De Angelo', '134-52-3409', '42', 97, 1666689552),
(1099, 'Hamil', 'De Angelo', '134-52-3409', '48', 98, 1666689552),
(1100, 'Hamil', 'De Angelo', '134-52-3409', '76', 99, 1666689552),
(1101, 'Hamil', 'De Angelo', '134-52-3409', '30', 100, 1666689552),
(1102, 'Rochelle', 'Dolohunty', '898-05-3432', '100', 92, 1666689552),
(1103, 'Rochelle', 'Dolohunty', '898-05-3432', '22', 93, 1666689552),
(1104, 'Rochelle', 'Dolohunty', '898-05-3432', '28', 94, 1666689552),
(1105, 'Rochelle', 'Dolohunty', '898-05-3432', '7', 95, 1666689552),
(1106, 'Rochelle', 'Dolohunty', '898-05-3432', '18', 96, 1666689552),
(1107, 'Rochelle', 'Dolohunty', '898-05-3432', '9', 97, 1666689552),
(1108, 'Rochelle', 'Dolohunty', '898-05-3432', '21', 98, 1666689552),
(1109, 'Rochelle', 'Dolohunty', '898-05-3432', '87', 99, 1666689552),
(1110, 'Rochelle', 'Dolohunty', '898-05-3432', '27', 100, 1666689552),
(1111, 'Marci', 'Durnford', '695-64-9240', '3', 92, 1666689552),
(1112, 'Marci', 'Durnford', '695-64-9240', '96', 93, 1666689552),
(1113, 'Marci', 'Durnford', '695-64-9240', '57', 94, 1666689552),
(1114, 'Marci', 'Durnford', '695-64-9240', '92', 95, 1666689552),
(1115, 'Marci', 'Durnford', '695-64-9240', '5', 96, 1666689552),
(1116, 'Marci', 'Durnford', '695-64-9240', '43', 97, 1666689552),
(1117, 'Marci', 'Durnford', '695-64-9240', '4', 98, 1666689552),
(1118, 'Marci', 'Durnford', '695-64-9240', '15', 99, 1666689552),
(1119, 'Marci', 'Durnford', '695-64-9240', '54', 100, 1666689553),
(1120, 'Maxwell', 'Critchard', '115-70-0316', '100', 92, 1666689553),
(1121, 'Maxwell', 'Critchard', '115-70-0316', '49', 93, 1666689553),
(1122, 'Maxwell', 'Critchard', '115-70-0316', '62', 94, 1666689553),
(1123, 'Maxwell', 'Critchard', '115-70-0316', '23', 95, 1666689553),
(1124, 'Maxwell', 'Critchard', '115-70-0316', '64', 96, 1666689553),
(1125, 'Maxwell', 'Critchard', '115-70-0316', '40', 97, 1666689553),
(1126, 'Maxwell', 'Critchard', '115-70-0316', '75', 98, 1666689553),
(1127, 'Maxwell', 'Critchard', '115-70-0316', '51', 99, 1666689553),
(1128, 'Maxwell', 'Critchard', '115-70-0316', '5', 100, 1666689553),
(1129, 'Sallee', 'Willis', '114-28-8869', '65', 92, 1666689553),
(1130, 'Sallee', 'Willis', '114-28-8869', '74', 93, 1666689553),
(1131, 'Sallee', 'Willis', '114-28-8869', '40', 94, 1666689553),
(1132, 'Sallee', 'Willis', '114-28-8869', '80', 95, 1666689553),
(1133, 'Sallee', 'Willis', '114-28-8869', '65', 96, 1666689553),
(1134, 'Sallee', 'Willis', '114-28-8869', '17', 97, 1666689553),
(1135, 'Sallee', 'Willis', '114-28-8869', '50', 98, 1666689553),
(1136, 'Sallee', 'Willis', '114-28-8869', '21', 99, 1666689553),
(1137, 'Sallee', 'Willis', '114-28-8869', '44', 100, 1666689553),
(1138, 'Deva', 'Polson', '749-45-3375', '16', 92, 1666689553),
(1139, 'Deva', 'Polson', '749-45-3375', '98', 93, 1666689553),
(1140, 'Deva', 'Polson', '749-45-3375', '8', 94, 1666689553),
(1141, 'Deva', 'Polson', '749-45-3375', '72', 95, 1666689553),
(1142, 'Deva', 'Polson', '749-45-3375', '57', 96, 1666689553),
(1143, 'Deva', 'Polson', '749-45-3375', '22', 97, 1666689553),
(1144, 'Deva', 'Polson', '749-45-3375', '41', 98, 1666689553),
(1145, 'Deva', 'Polson', '749-45-3375', '61', 99, 1666689553),
(1146, 'Deva', 'Polson', '749-45-3375', '5', 100, 1666689553),
(1147, 'Samson', 'Gullivent', '547-24-1569', '27', 92, 1666689553),
(1148, 'Samson', 'Gullivent', '547-24-1569', '4', 93, 1666689553),
(1149, 'Samson', 'Gullivent', '547-24-1569', '48', 94, 1666689553),
(1150, 'Samson', 'Gullivent', '547-24-1569', '10', 95, 1666689553),
(1151, 'Samson', 'Gullivent', '547-24-1569', '41', 96, 1666689553),
(1152, 'Samson', 'Gullivent', '547-24-1569', '21', 97, 1666689553),
(1153, 'Samson', 'Gullivent', '547-24-1569', '96', 98, 1666689553),
(1154, 'Samson', 'Gullivent', '547-24-1569', '53', 99, 1666689554),
(1155, 'Samson', 'Gullivent', '547-24-1569', '60', 100, 1666689554),
(1156, 'Page', 'Whellams', '631-45-4357', '91', 92, 1666689554),
(1157, 'Page', 'Whellams', '631-45-4357', '22', 93, 1666689554),
(1158, 'Page', 'Whellams', '631-45-4357', '76', 94, 1666689554),
(1159, 'Page', 'Whellams', '631-45-4357', '33', 95, 1666689554),
(1160, 'Page', 'Whellams', '631-45-4357', '79', 96, 1666689554),
(1161, 'Page', 'Whellams', '631-45-4357', '8', 97, 1666689554),
(1162, 'Page', 'Whellams', '631-45-4357', '90', 98, 1666689554),
(1163, 'Page', 'Whellams', '631-45-4357', '70', 99, 1666689554),
(1164, 'Page', 'Whellams', '631-45-4357', '22', 100, 1666689554),
(1165, 'Engracia', 'Bladon', '763-82-0866', '83', 92, 1666689554),
(1166, 'Engracia', 'Bladon', '763-82-0866', '76', 93, 1666689554),
(1167, 'Engracia', 'Bladon', '763-82-0866', '88', 94, 1666689554),
(1168, 'Engracia', 'Bladon', '763-82-0866', '21', 95, 1666689554),
(1169, 'Engracia', 'Bladon', '763-82-0866', '15', 96, 1666689554),
(1170, 'Engracia', 'Bladon', '763-82-0866', '9', 97, 1666689554),
(1171, 'Engracia', 'Bladon', '763-82-0866', '98', 98, 1666689554),
(1172, 'Engracia', 'Bladon', '763-82-0866', '91', 99, 1666689554),
(1173, 'Engracia', 'Bladon', '763-82-0866', '56', 100, 1666689554),
(1174, 'Feliza', 'Fronczak', '609-27-6849', '67', 92, 1666689554),
(1175, 'Feliza', 'Fronczak', '609-27-6849', '17', 93, 1666689554),
(1176, 'Feliza', 'Fronczak', '609-27-6849', '59', 94, 1666689554),
(1177, 'Feliza', 'Fronczak', '609-27-6849', '17', 95, 1666689554),
(1178, 'Feliza', 'Fronczak', '609-27-6849', '55', 96, 1666689554),
(1179, 'Feliza', 'Fronczak', '609-27-6849', '51', 97, 1666689554),
(1180, 'Feliza', 'Fronczak', '609-27-6849', '77', 98, 1666689554),
(1181, 'Feliza', 'Fronczak', '609-27-6849', '16', 99, 1666689554),
(1182, 'Feliza', 'Fronczak', '609-27-6849', '41', 100, 1666689554),
(1183, 'Warden', 'Flaubert', '255-49-0987', '92', 92, 1666689554),
(1184, 'Warden', 'Flaubert', '255-49-0987', '50', 93, 1666689554),
(1185, 'Warden', 'Flaubert', '255-49-0987', '40', 94, 1666689555),
(1186, 'Warden', 'Flaubert', '255-49-0987', '14', 95, 1666689555),
(1187, 'Warden', 'Flaubert', '255-49-0987', '27', 96, 1666689555),
(1188, 'Warden', 'Flaubert', '255-49-0987', '23', 97, 1666689555),
(1189, 'Warden', 'Flaubert', '255-49-0987', '13', 98, 1666689555),
(1190, 'Warden', 'Flaubert', '255-49-0987', '79', 99, 1666689555),
(1191, 'Warden', 'Flaubert', '255-49-0987', '17', 100, 1666689555),
(1192, 'Elfreda', 'Hollows', '251-33-9294', '81', 92, 1666689555),
(1193, 'Elfreda', 'Hollows', '251-33-9294', '100', 93, 1666689555),
(1194, 'Elfreda', 'Hollows', '251-33-9294', '98', 94, 1666689555),
(1195, 'Elfreda', 'Hollows', '251-33-9294', '7', 95, 1666689555),
(1196, 'Elfreda', 'Hollows', '251-33-9294', '60', 96, 1666689555),
(1197, 'Elfreda', 'Hollows', '251-33-9294', '50', 97, 1666689555),
(1198, 'Elfreda', 'Hollows', '251-33-9294', '86', 98, 1666689555),
(1199, 'Elfreda', 'Hollows', '251-33-9294', '29', 99, 1666689555),
(1200, 'Elfreda', 'Hollows', '251-33-9294', '19', 100, 1666689555),
(1201, 'Donnie', 'Bresson', '656-87-3982', '92', 92, 1666689555),
(1202, 'Donnie', 'Bresson', '656-87-3982', '45', 93, 1666689555),
(1203, 'Donnie', 'Bresson', '656-87-3982', '19', 94, 1666689555),
(1204, 'Donnie', 'Bresson', '656-87-3982', '41', 95, 1666689555),
(1205, 'Donnie', 'Bresson', '656-87-3982', '42', 96, 1666689555),
(1206, 'Donnie', 'Bresson', '656-87-3982', '57', 97, 1666689555),
(1207, 'Donnie', 'Bresson', '656-87-3982', '80', 98, 1666689555),
(1208, 'Donnie', 'Bresson', '656-87-3982', '73', 99, 1666689555),
(1209, 'Donnie', 'Bresson', '656-87-3982', '15', 100, 1666689555),
(1210, 'Kasper', 'Seviour', '444-56-1807', '76', 92, 1666689555),
(1211, 'Kasper', 'Seviour', '444-56-1807', '32', 93, 1666689555),
(1212, 'Kasper', 'Seviour', '444-56-1807', '91', 94, 1666689555),
(1213, 'Kasper', 'Seviour', '444-56-1807', '8', 95, 1666689555),
(1214, 'Kasper', 'Seviour', '444-56-1807', '13', 96, 1666689555),
(1215, 'Kasper', 'Seviour', '444-56-1807', '4', 97, 1666689555),
(1216, 'Kasper', 'Seviour', '444-56-1807', '55', 98, 1666689555),
(1217, 'Kasper', 'Seviour', '444-56-1807', '97', 99, 1666689555),
(1218, 'Kasper', 'Seviour', '444-56-1807', '12', 100, 1666689555),
(1219, 'Rheta', 'Greenwell', '590-96-6430', '67', 92, 1666689555),
(1220, 'Rheta', 'Greenwell', '590-96-6430', '38', 93, 1666689555),
(1221, 'Rheta', 'Greenwell', '590-96-6430', '22', 94, 1666689555),
(1222, 'Rheta', 'Greenwell', '590-96-6430', '42', 95, 1666689555),
(1223, 'Rheta', 'Greenwell', '590-96-6430', '78', 96, 1666689556),
(1224, 'Rheta', 'Greenwell', '590-96-6430', '57', 97, 1666689556),
(1225, 'Rheta', 'Greenwell', '590-96-6430', '88', 98, 1666689556),
(1226, 'Rheta', 'Greenwell', '590-96-6430', '91', 99, 1666689556),
(1227, 'Rheta', 'Greenwell', '590-96-6430', '12', 100, 1666689556),
(1228, 'Braden', 'Greenleaf', '367-95-4042', '15', 92, 1666689556),
(1229, 'Braden', 'Greenleaf', '367-95-4042', '46', 93, 1666689556),
(1230, 'Braden', 'Greenleaf', '367-95-4042', '83', 94, 1666689556),
(1231, 'Braden', 'Greenleaf', '367-95-4042', '73', 95, 1666689556),
(1232, 'Braden', 'Greenleaf', '367-95-4042', '56', 96, 1666689556),
(1233, 'Braden', 'Greenleaf', '367-95-4042', '99', 97, 1666689556),
(1234, 'Braden', 'Greenleaf', '367-95-4042', '2', 98, 1666689556),
(1235, 'Braden', 'Greenleaf', '367-95-4042', '39', 99, 1666689556),
(1236, 'Braden', 'Greenleaf', '367-95-4042', '54', 100, 1666689556),
(1237, 'Rozalie', 'Forge', '437-26-1720', '35', 92, 1666689556),
(1238, 'Rozalie', 'Forge', '437-26-1720', '11', 93, 1666689556),
(1239, 'Rozalie', 'Forge', '437-26-1720', '56', 94, 1666689556),
(1240, 'Rozalie', 'Forge', '437-26-1720', '92', 95, 1666689556),
(1241, 'Rozalie', 'Forge', '437-26-1720', '45', 96, 1666689556),
(1242, 'Rozalie', 'Forge', '437-26-1720', '7', 97, 1666689556),
(1243, 'Rozalie', 'Forge', '437-26-1720', '85', 98, 1666689556),
(1244, 'Rozalie', 'Forge', '437-26-1720', '29', 99, 1666689556),
(1245, 'Rozalie', 'Forge', '437-26-1720', '99', 100, 1666689556),
(1246, 'Lazare', 'Domleo', '488-33-0989', '89', 92, 1666689556),
(1247, 'Lazare', 'Domleo', '488-33-0989', '85', 93, 1666689556),
(1248, 'Lazare', 'Domleo', '488-33-0989', '49', 94, 1666689556),
(1249, 'Lazare', 'Domleo', '488-33-0989', '64', 95, 1666689556),
(1250, 'Lazare', 'Domleo', '488-33-0989', '31', 96, 1666689556),
(1251, 'Lazare', 'Domleo', '488-33-0989', '79', 97, 1666689556),
(1252, 'Lazare', 'Domleo', '488-33-0989', '51', 98, 1666689556),
(1253, 'Lazare', 'Domleo', '488-33-0989', '84', 99, 1666689556),
(1254, 'Lazare', 'Domleo', '488-33-0989', '77', 100, 1666689556);

-- --------------------------------------------------------

--
-- Table structure for table `login_records`
--

DROP TABLE IF EXISTS `login_records`;
CREATE TABLE IF NOT EXISTS `login_records` (
  `RowId` bigint(20) NOT NULL AUTO_INCREMENT,
  `CreatorPersonId` int(11) NOT NULL,
  `CreatorUserName` varchar(80) NOT NULL,
  `IsSuccess` int(11) NOT NULL,
  `CreateDateTime` varchar(80) CHARACTER SET utf8mb4 COLLATE utf8mb4_unicode_ci NOT NULL,
  PRIMARY KEY (`RowId`)
) ENGINE=InnoDB AUTO_INCREMENT=559 DEFAULT CHARSET=latin1;

--
-- Dumping data for table `login_records`
--

INSERT INTO `login_records` (`RowId`, `CreatorPersonId`, `CreatorUserName`, `IsSuccess`, `CreateDateTime`) VALUES
(1, 1, '09120572107', 1, '1618649521'),
(2, 26, '09125763683', 1, '1618649632'),
(3, 26, '09125763683', 1, '1618658681'),
(4, 1, '09120572107', 1, '1618684742'),
(5, 26, '09125763683', 1, '1618721185'),
(6, 0, '09128308743', 0, '1618734356'),
(7, 0, '09128308743', 0, '1618734376'),
(8, 26, '09125763683', 1, '1618734402'),
(9, 28, '091284308743', 1, '1618734453'),
(10, 26, '09125763683', 1, '1618735147'),
(11, 0, '3254952723', 0, '1618735319'),
(12, 26, '09125763683', 1, '1618735342'),
(13, 28, '091284308743', 1, '1618735357'),
(14, 27, '0371007410', 1, '1618739109'),
(15, 29, '09124962681', 1, '1618739177'),
(16, 27, '0371007410', 1, '1618807580'),
(17, 26, '09125763683', 1, '1618808348'),
(18, 67, '09126481086', 1, '1618815414'),
(19, 0, '2594862551', 0, '1618822538'),
(20, 26, '09125763683', 1, '1618835142'),
(21, 27, '0371007410', 1, '1618835631'),
(22, 27, '0371007410', 1, '1618836033'),
(23, 29, '09124962681', 1, '1618836137'),
(24, 29, '09124962681', 1, '1618837153'),
(25, 26, '09125763683', 1, '1618838523'),
(26, 27, '0371007410', 1, '1618838965'),
(27, 29, '09124962681', 1, '1618839523'),
(28, 27, '0371007410', 1, '1618840723'),
(29, 26, '09125763683', 1, '1618891638'),
(30, 0, '09128308743', 0, '1618893329'),
(31, 0, '09128308743', 0, '1618893347'),
(32, 0, '09128308743', 0, '1618893453'),
(33, 0, '9128308743', 0, '1618893498'),
(34, 0, '9128308743', 0, '1618893536'),
(35, 0, '9128308743', 0, '1618893563'),
(36, 0, '9128308743', 0, '1618893645'),
(37, 27, '0371007410', 1, '1618893660'),
(38, 0, '9128308743', 0, '1618893684'),
(39, 0, '9128308743', 0, '1618893693'),
(40, 26, '09125763683', 1, '1618893719'),
(41, 28, '3254952723', 1, '1618893790'),
(42, 28, '3254952723', 1, '1618893819'),
(43, 28, '3254952723', 1, '1618894020'),
(44, 28, '3254952723', 1, '1618894635'),
(45, 28, '3254952723', 1, '1618899939'),
(46, 28, '3254952723', 1, '1618900766'),
(47, 28, '3254952723', 1, '1618900908'),
(48, 26, '09125763683', 1, '1618901192'),
(49, 28, '3254952723', 1, '1618902412'),
(50, 26, '09125763683', 1, '1618905061'),
(51, 29, '09124962681', 1, '1618905724'),
(52, 26, '09125763683', 1, '1618906448'),
(53, 67, '09126481086', 1, '1618923902'),
(54, 27, '0371007410', 1, '1618923909'),
(55, 26, '09125763683', 1, '1618924941'),
(56, 67, '09126481086', 1, '1618988324'),
(57, 29, '09124962681', 1, '1618989173'),
(58, 26, '09125763683', 1, '1618992522'),
(59, 0, '0081830270', 0, '1618999185'),
(60, 26, '09125763683', 1, '1619002275'),
(61, 27, '0371007410', 1, '1619245499'),
(62, 67, '09126481086', 1, '1619258105'),
(63, 26, '09125763683', 1, '1619259711'),
(64, 27, '0371007410', 1, '1619267698'),
(65, 27, '0371007410', 1, '1619327956'),
(66, 28, '3254952723', 1, '1619329854'),
(67, 29, '09124962681', 1, '1619330901'),
(68, 26, '09125763683', 1, '1619337537'),
(69, 26, '09125763683', 1, '1619340609'),
(70, 26, '09125763683', 1, '1619342103'),
(71, 26, '09125763683', 1, '1619349722'),
(72, 26, '09125763683', 1, '1619358538'),
(73, 26, '09125763683', 1, '1619408382'),
(74, 27, '0371007410', 1, '1619410299'),
(75, 27, '0371007410', 1, '1619435417'),
(76, 29, '09124962681', 1, '1619436399'),
(77, 26, '09125763683', 1, '1619437041'),
(78, 0, '09128308743', 0, '1619438576'),
(79, 0, '9128308743', 0, '1619438587'),
(80, 28, '3254952723', 1, '1619438600'),
(81, 26, '09125763683', 1, '1619501007'),
(82, 27, '0371007410', 1, '1619509180'),
(83, 0, '091284308743', 0, '1619509345'),
(84, 29, '09124962681', 1, '1619509401'),
(85, 26, '09125763683', 1, '1619509467'),
(86, 29, '09124962681', 1, '1619509486'),
(87, 28, '3254952723', 1, '1619509530'),
(88, 28, '3254952723', 1, '1619509851'),
(89, 67, '09126481086', 1, '1619510433'),
(90, 26, '09125763683', 1, '1619517468'),
(91, 26, '09125763683', 1, '1619522879'),
(92, 26, '09125763683', 1, '1619582122'),
(93, 26, '09125763683', 1, '1619598699'),
(94, 26, '09125763683', 1, '1619850349'),
(95, 26, '09125763683', 1, '1620199702'),
(96, 67, '09126481086', 1, '1621424147'),
(97, 26, '09125763683', 1, '1621662934'),
(98, 0, '2631682556', 0, '1621667320'),
(99, 0, '2631682556', 0, '1621667349'),
(100, 0, '2631682556', 0, '1621667367'),
(101, 0, '2631682556', 0, '1621667382'),
(102, 73, '0043482651', 1, '1621667887'),
(103, 73, '0043482651', 1, '1621667955'),
(104, 72, '0432413116', 1, '1621668146'),
(105, 0, '09106140883', 0, '1621668862'),
(106, 27, '0371007410', 1, '1621668876'),
(107, 71, '2631682556', 1, '1621669286'),
(108, 73, '0043482651', 1, '1621672484'),
(109, 26, '09125763683', 1, '1621672534'),
(110, 71, '2631682556', 1, '1621673033'),
(111, 26, '09125763683', 1, '1621673278'),
(112, 72, '0432413116', 1, '1621677494'),
(113, 26, '09125763683', 1, '1621678574'),
(114, 26, '09125763683', 1, '1621680829'),
(115, 72, '0432413116', 1, '1621681436'),
(116, 71, '2631682556', 1, '1621681763'),
(117, 26, '09125763683', 1, '1621683347'),
(118, 26, '09125763683', 1, '1621684877'),
(119, 71, '2631682556', 1, '1621685639'),
(120, 0, '09125763683', 0, '1621686055'),
(121, 26, '09125763683', 1, '1621686061'),
(122, 72, '0432413116', 1, '1621686801'),
(123, 73, '0043482651', 1, '1621688443'),
(124, 73, '0043482651', 1, '1621688905'),
(125, 26, '09125763683', 1, '1621688995'),
(126, 73, '0043482651', 1, '1621689043'),
(127, 71, '2631682556', 1, '1621690592'),
(128, 26, '09125763683', 1, '1621692333'),
(129, 26, '09125763683', 1, '1621693082'),
(130, 72, '0432413116', 1, '1621694091'),
(131, 71, '2631682556', 1, '1621694161'),
(132, 26, '09125763683', 1, '1622558040'),
(133, 26, '09125763683', 1, '1623671549'),
(134, 26, '09125763683', 1, '1623735211'),
(135, 73, '0043482651', 1, '1623735260'),
(136, 0, '4324130116', 0, '1623735310'),
(137, 72, '0432413116', 1, '1623735330'),
(138, 71, '2631682556', 1, '1623735370'),
(139, 26, '09125763683', 1, '1623735806'),
(140, 73, '0043482651', 1, '1623740106'),
(141, 72, '0432413116', 1, '1623740189'),
(142, 73, '0043482651', 1, '1623740471'),
(143, 71, '2631682556', 1, '1623740622'),
(144, 26, '09125763683', 1, '1623847236'),
(145, 26, '09125763683', 1, '1623847237'),
(146, 71, '2631682556', 1, '1623847870'),
(147, 0, '5329980763', 0, '1623848423'),
(148, 0, '5329980763', 0, '1623848454'),
(149, 0, '5329980763', 0, '1623848454'),
(150, 0, '5329980763', 0, '1623848477'),
(151, 0, '0043482561', 0, '1623848594'),
(152, 73, '0043482651', 1, '1623848613'),
(153, 26, '09125763683', 1, '1623850641'),
(154, 71, '2631682556', 1, '1623850675'),
(155, 72, '0432413116', 1, '1623852044'),
(156, 72, '0432413116', 1, '1623852370'),
(157, 26, '09125763683', 1, '1624168354'),
(158, 26, '09125763683', 1, '1624189080'),
(159, 26, '09125763683', 1, '1624333822'),
(160, 27, '0371007410', 1, '1624422887'),
(161, 26, '09125763683', 1, '1624423392'),
(162, 28, '3254952723', 1, '1624423408'),
(163, 26, '09125763683', 1, '1624771560'),
(164, 26, '09125763683', 1, '1624774235'),
(165, 26, '09125763683', 1, '1624867942'),
(166, 29, '09124962681', 1, '1624877462'),
(167, 27, '0371007410', 1, '1624877582'),
(168, 26, '09125763683', 1, '1624949856'),
(169, 26, '09125763683', 1, '1624950424'),
(170, 26, '09125763683', 1, '1625386623'),
(171, 26, '09125763683', 1, '1625462701'),
(172, 26, '09125763683', 1, '1625646406'),
(173, 26, '09125763683', 1, '1629199426'),
(174, 26, '09125763683', 1, '1633765623'),
(175, 0, '09125763683', 0, '1633765959'),
(176, 0, '09125763683', 0, '1633765965'),
(177, 26, '09125763683', 1, '1633765988'),
(178, 0, '09125763683', 0, '1637732970'),
(179, 26, '09125763683', 1, '1637732977'),
(180, 0, '09125763683', 0, '1644234568'),
(181, 0, '4900354376', 0, '1644234575'),
(182, 1, '09120572107', 1, '1644234612'),
(183, 26, '09125763683', 1, '1644235628'),
(184, 26, '09125763683', 1, '1644237498'),
(185, 26, '09125763683', 1, '1644237892'),
(186, 0, '09125763683', 0, '1644238027'),
(187, 26, '09125763683', 1, '1644238031'),
(188, 0, '09125763683', 0, '1645430754'),
(189, 0, '09125763683', 0, '1645430768'),
(190, 1, '09120572107', 1, '1645430773'),
(191, 0, '09125763683', 0, '1646654354'),
(192, 0, '0081330270', 0, '1646654390'),
(193, 0, '09125763683', 0, '1646654465'),
(194, 26, '09125763683', 1, '1646654466'),
(195, 0, '09125763683', 0, '1646656307'),
(196, 26, '09125763683', 1, '1646656311'),
(197, 26, '09125763683', 1, '1646656357'),
(198, 26, '09125763683', 1, '1646656418'),
(199, 26, '09125763683', 1, '1646656493'),
(200, 70, '0005000890', 1, '1646656616'),
(201, 0, '09125763683', 0, '1649427991'),
(202, 0, '0912576368309125763683', 0, '1649427996'),
(203, 0, '09125763683', 0, '1649428006'),
(204, 26, '09125763683', 1, '1649428009'),
(205, 0, '09125763683', 0, '1649570577'),
(206, 0, '0912576368309125763683', 0, '1649570584'),
(207, 0, '09125763683', 0, '1649570594'),
(208, 0, '09125763683', 0, '1649570600'),
(209, 26, '09125763683', 1, '1649570604'),
(210, 26, '09125763683', 1, '1649576330'),
(211, 26, '09125763683', 1, '1649844097'),
(212, 26, '09125763683', 1, '1649846237'),
(213, 26, '09125763683', 1, '1649846908'),
(214, 26, '09125763683', 1, '1650176332'),
(215, 26, '09125763683', 1, '1651389618'),
(216, 0, '09120062818', 0, '1651390905'),
(217, 0, '4324130116', 0, '1651390943'),
(218, 0, '4324130116', 0, '1651390954'),
(219, 72, '4324130116', 1, '1651390958'),
(220, 71, '2631682556', 1, '1651394821'),
(221, 73, '0043482651', 1, '1651396267'),
(222, 26, '09125763683', 1, '1651402465'),
(223, 73, '0043482651', 1, '1651402830'),
(224, 26, '09125763683', 1, '1651405168'),
(225, 26, '09125763683', 1, '1651407808'),
(226, 70, '0005000890', 1, '1651407874'),
(227, 26, '09125763683', 1, '1652597158'),
(228, 0, '09125763683', 0, '1652616676'),
(229, 26, '09125763683', 1, '1652616687'),
(230, 26, '09125763683', 1, '1652623009'),
(231, 26, '09125763683', 1, '1652687024'),
(232, 26, '09125763683', 1, '1652702466'),
(233, 0, '09127339980', 0, '1652702737'),
(234, 0, '09127339980', 0, '1652702746'),
(235, 0, '09127339980', 0, '1652702775'),
(236, 127, '09100580518', 1, '1652702799'),
(237, 127, '09100580518', 1, '1652704117'),
(238, 128, '09129340812', 1, '1652704256'),
(239, 127, '09100580518', 1, '1652705460'),
(240, 26, '09125763683', 1, '1652706103'),
(241, 26, '09125763683', 1, '1652706366'),
(242, 127, '09100580518', 1, '1652762890'),
(243, 127, '09100580518', 1, '1652762897'),
(244, 127, '09100580518', 1, '1652768760'),
(245, 26, '09125763683', 1, '1652768950'),
(246, 127, '09100580518', 1, '1652783248'),
(247, 128, '09129340812', 1, '1652784141'),
(248, 26, '09125763683', 1, '1652784813'),
(249, 26, '09125763683', 1, '1652784894'),
(250, 0, '09125763683', 0, '1652788096'),
(251, 0, '09125763683', 0, '1652788100'),
(252, 0, '09125763683', 0, '1652788103'),
(253, 67, '09126481086', 1, '1652788113'),
(254, 0, '09125763683', 0, '1652788135'),
(255, 0, '09125763683', 0, '1652788141'),
(256, 0, '09125763683', 0, '1652788146'),
(257, 26, '09125763683', 1, '1652788180'),
(258, 127, '09100580518', 1, '1652790844'),
(259, 26, '09125763683', 1, '1652793000'),
(260, 128, '09129340812', 1, '1652846119'),
(261, 26, '09125763683', 1, '1652847031'),
(262, 127, '09100580518', 1, '1652851182'),
(263, 26, '09125763683', 1, '1652852853'),
(264, 26, '09125763683', 1, '1652856252'),
(265, 129, '09124107419', 1, '1652857776'),
(266, 26, '09125763683', 1, '1652859536'),
(267, 26, '09125763683', 1, '1652875660'),
(268, 26, '09125763683', 1, '1653473069'),
(269, 26, '09125763683', 1, '1653481518'),
(270, 0, '09125763683', 0, '1653797498'),
(271, 26, '09125763683', 1, '1653797507'),
(272, 26, '09125763683', 1, '1653819066'),
(273, 129, '09124107419', 1, '1653819669'),
(274, 26, '09125763683', 1, '1653819749'),
(275, 26, '09125763683', 1, '1653821285'),
(276, 129, '09124107419', 1, '1653821338'),
(277, 26, '09125763683', 1, '1653821480'),
(278, 129, '09124107419', 1, '1653821553'),
(279, 26, '09125763683', 1, '1653821623'),
(280, 26, '09125763683', 1, '1653823045'),
(281, 129, '09124107419', 1, '1653823305'),
(282, 26, '09125763683', 1, '1653826452'),
(283, 0, '09125763683', 0, '1653827009'),
(284, 0, '09125763683', 0, '1653827012'),
(285, 0, '09125763683', 0, '1653827016'),
(286, 0, '09125763683', 0, '1653827021'),
(287, 0, '09125763683', 0, '1653827024'),
(288, 26, '09125763683', 1, '1653827031'),
(289, 26, '09125763683', 1, '1653828965'),
(290, 128, '09129340812', 1, '1653829162'),
(291, 127, '09100580518', 1, '1653830537'),
(292, 26, '09125763683', 1, '1653831623'),
(293, 26, '09125763683', 1, '1653833700'),
(294, 26, '09125763683', 1, '1653893238'),
(295, 26, '09125763683', 1, '1653910667'),
(296, 26, '09125763683', 1, '1653914153'),
(297, 0, '09125763683', 0, '1653991567'),
(298, 26, '09125763683', 1, '1653991573'),
(299, 129, '09124107419', 1, '1653992286'),
(300, 26, '09125763683', 1, '1653993292'),
(301, 129, '09124107419', 1, '1653993619'),
(302, 26, '09125763683', 1, '1653998369'),
(303, 128, '09129340812', 1, '1654003867'),
(304, 127, '09100580518', 1, '1654005071'),
(305, 0, '09125733683', 0, '1654006414'),
(306, 0, '09125733683', 0, '1654006435'),
(307, 26, '09125763683', 1, '1654006479'),
(308, 127, '09100580518', 1, '1654008330'),
(309, 26, '09125763683', 1, '1654008432'),
(310, 26, '09125763683', 1, '1654077249'),
(311, 129, '09124107419', 1, '1654077743'),
(312, 26, '09125763683', 1, '1654080612'),
(313, 128, '09129340812', 1, '1654083931'),
(314, 0, '09125763683', 0, '1654084563'),
(315, 26, '09125763683', 1, '1654084572'),
(316, 128, '09129340812', 1, '1654086181'),
(317, 127, '09100580518', 1, '1654086796'),
(318, 26, '09125763683', 1, '1654087512'),
(319, 128, '09129340812', 1, '1654090386'),
(320, 127, '09100580518', 1, '1654090729'),
(321, 26, '09125763683', 1, '1654092151'),
(322, 26, '09125763683', 1, '1654492438'),
(323, 26, '09125763683', 1, '1654497439'),
(324, 26, '09125763683', 1, '1654498104'),
(325, 128, '09129340812', 1, '1654516482'),
(326, 26, '09125763683', 1, '1654517194'),
(327, 127, '09100580518', 1, '1654517619'),
(328, 26, '09125763683', 1, '1654518239'),
(329, 26, '09125763683', 1, '1654526526'),
(330, 26, '09125763683', 1, '1654923131'),
(331, 26, '09125763683', 1, '1654928387'),
(332, 26, '09125763683', 1, '1655009055'),
(333, 26, '09125763683', 1, '1655009768'),
(334, 0, '09125763683', 0, '1655028027'),
(335, 26, '09125763683', 1, '1655028035'),
(336, 26, '09125763683', 1, '1655028931'),
(337, 26, '09125763683', 1, '1655028993'),
(338, 129, '09124107419', 1, '1655034410'),
(339, 26, '09125763683', 1, '1655035620'),
(340, 0, '09100580518', 0, '1655036895'),
(341, 127, '09100580518', 1, '1655036911'),
(342, 128, '09129340812', 1, '1655037303'),
(343, 26, '09125763683', 1, '1655040623'),
(344, 128, '09129340812', 1, '1655041332'),
(345, 127, '09100580518', 1, '1655041530'),
(346, 128, '09129340812', 1, '1655045013'),
(347, 127, '09100580518', 1, '1655045687'),
(348, 26, '09125763683', 1, '1655046333'),
(349, 26, '09125763683', 1, '1655115751'),
(350, 26, '09125763683', 1, '1655193899'),
(351, 26, '09125763683', 1, '1655196350'),
(352, 128, '09129340812', 1, '1655197540'),
(353, 127, '09100580518', 1, '1655198620'),
(354, 127, '09100580518', 1, '1655199810'),
(355, 128, '09129340812', 1, '1655199933'),
(356, 26, '09125763683', 1, '1655200010'),
(357, 26, '09125763683', 1, '1655200721'),
(358, 127, '09100580518', 1, '1655203368'),
(359, 26, '09125763683', 1, '1655203437'),
(360, 26, '09125763683', 1, '1655611929'),
(361, 129, '09124107419', 1, '1655612000'),
(362, 26, '09125763683', 1, '1655615817'),
(363, 26, '09125763683', 1, '1655617643'),
(364, 26, '09125763683', 1, '1655622177'),
(365, 26, '09125763683', 1, '1655623525'),
(366, 128, '09129340812', 1, '1655624152'),
(367, 127, '09100580518', 1, '1655624348'),
(368, 128, '09129340812', 1, '1655626055'),
(369, 127, '09100580518', 1, '1655630665'),
(370, 128, '09129340812', 1, '1655632242'),
(371, 26, '09125763683', 1, '1655632431'),
(372, 26, '09125763683', 1, '1655709938'),
(373, 0, '09125763683', 0, '1655728265'),
(374, 0, '09125763683', 0, '1655728274'),
(375, 26, '09125763683', 1, '1655728281'),
(376, 129, '09124107419', 1, '1655728357'),
(377, 26, '09125763683', 1, '1655729706'),
(378, 26, '09125763683', 1, '1655783773'),
(379, 26, '09125763683', 1, '1655792913'),
(380, 26, '09125763683', 1, '1655793558'),
(381, 180, '09123056336', 1, '1655793977'),
(382, 180, '09123056336', 1, '1655871569'),
(383, 26, '09125763683', 1, '1655871583'),
(384, 26, '09125763683', 1, '1655901741'),
(385, 26, '09125763683', 1, '1656313754'),
(386, 0, '09125763683', 0, '1656324099'),
(387, 0, '09125763683', 0, '1656324112'),
(388, 0, '09125763683', 0, '1656324131'),
(389, 0, '09125763683', 0, '1656324165'),
(390, 0, '09125763683', 0, '1656324257'),
(391, 0, '09125763683', 0, '1656324292'),
(392, 0, '09125763683', 0, '1656324308'),
(393, 26, '09125763683', 1, '1656324331'),
(394, 0, '09100580518', 0, '1656330367'),
(395, 0, '09100580518', 0, '1656330378'),
(396, 0, '09100580518', 0, '1656330399'),
(397, 0, '09100580518', 0, '1656330421'),
(398, 0, '09100580518', 0, '1656330453'),
(399, 0, '09100580518', 0, '1656330497'),
(400, 127, '09100580518', 1, '1656333405'),
(401, 26, '09125763683', 1, '1656333695'),
(402, 26, '09125763683', 1, '1656338170'),
(403, 26, '09125763683', 1, '1656395327'),
(404, 128, '09129340812', 1, '1656403421'),
(405, 127, '09100580518', 1, '1656405406'),
(406, 26, '09125763683', 1, '1656506807'),
(407, 26, '09125763683', 1, '1656837989'),
(408, 26, '09125763683', 1, '1656870122'),
(409, 129, '09124107419', 1, '1656871098'),
(410, 26, '09125763683', 1, '1656909665'),
(411, 26, '09125763683', 1, '1656916299'),
(412, 127, '09100580518', 1, '1656917770'),
(413, 26, '09125763683', 1, '1656917931'),
(414, 128, '09129340812', 1, '1656921500'),
(415, 26, '09125763683', 1, '1656922278'),
(416, 127, '09100580518', 1, '1656928503'),
(417, 128, '09129340812', 1, '1656930453'),
(418, 129, '09124107419', 1, '1656934944'),
(419, 180, '09123056336', 1, '1656937354'),
(420, 26, '09125763683', 1, '1656945600'),
(421, 180, '09123056336', 1, '1656945683'),
(422, 129, '09124107419', 1, '1656945770'),
(423, 26, '09125763683', 1, '1656947967'),
(424, 129, '09124107419', 1, '1656948023'),
(425, 129, '09124107419', 1, '1656996417'),
(426, 180, '09123056336', 1, '1656997551'),
(427, 26, '09125763683', 1, '1657001387'),
(428, 129, '09124107419', 1, '1657001705'),
(429, 26, '09125763683', 1, '1657002618'),
(430, 26, '09125763683', 1, '1657003915'),
(431, 129, '09124107419', 1, '1657004314'),
(432, 128, '09129340812', 1, '1657004549'),
(433, 26, '09125763683', 1, '1657004561'),
(434, 127, '09100580518', 1, '1657005068'),
(435, 26, '09125763683', 1, '1657005585'),
(436, 129, '09124107419', 1, '1657008971'),
(437, 128, '09129340812', 1, '1657009182'),
(438, 128, '09129340812', 1, '1657013166'),
(439, 244, '09125873848', 1, '1657017954'),
(440, 180, '09123056336', 1, '1657024218'),
(441, 26, '09125763683', 1, '1657024281'),
(442, 26, '09125763683', 1, '1657024476'),
(443, 128, '09129340812', 1, '1657024858'),
(444, 244, '09125873848', 1, '1657024879'),
(445, 180, '09123056336', 1, '1657024909'),
(446, 127, '09100580518', 1, '1657027134'),
(447, 26, '09125763683', 1, '1657027652'),
(448, 128, '09129340812', 1, '1657028397'),
(449, 127, '09100580518', 1, '1657030822'),
(450, 26, '09125763683', 1, '1657035321'),
(451, 0, '09125763683', 0, '1657042311'),
(452, 26, '09125763683', 1, '1657042316'),
(453, 128, '09129340812', 1, '1657042734'),
(454, 0, '09125763683', 0, '1657044154'),
(455, 26, '09125763683', 1, '1657044161'),
(456, 128, '09129340812', 1, '1657044471'),
(457, 129, '09124107419', 1, '1657044994'),
(458, 180, '09123056336', 1, '1657045695'),
(459, 129, '09124107419', 1, '1657051351'),
(460, 26, '09125763683', 1, '1657051491'),
(461, 180, '09123056336', 1, '1657051939'),
(462, 129, '09124107419', 1, '1657057445'),
(463, 26, '09125763683', 1, '1657080596'),
(464, 127, '09100580518', 1, '1657080667'),
(465, 26, '09125763683', 1, '1657080960'),
(466, 127, '09100580518', 1, '1657081351'),
(467, 128, '09129340812', 1, '1657081758'),
(468, 127, '09100580518', 1, '1657081794'),
(469, 26, '09125763683', 1, '1657081882'),
(470, 26, '09125763683', 1, '1657082765'),
(471, 128, '09129340812', 1, '1657083359'),
(472, 129, '09124107419', 1, '1657087377'),
(473, 26, '09125763683', 1, '1657089327'),
(474, 180, '09123056336', 1, '1657092223'),
(475, 0, '09129390812', 0, '1657092604'),
(476, 0, '09129390812', 0, '1657092643'),
(477, 128, '09129340812', 1, '1657092810'),
(478, 26, '09125763683', 1, '1657095256'),
(479, 127, '09100580518', 1, '1657100587'),
(480, 26, '09125763683', 1, '1657103049'),
(481, 26, '09125763683', 1, '1657127941'),
(482, 26, '09125763683', 1, '1657199653'),
(483, 26, '09125763683', 1, '1657203087'),
(484, 26, '09125763683', 1, '1657211762'),
(485, 26, '09125763683', 1, '1657268984'),
(486, 26, '09125763683', 1, '1657274690'),
(487, 26, '09125763683', 1, '1657289773'),
(488, 26, '09125763683', 1, '1657365964'),
(489, 127, '09100580518', 1, '1657369198'),
(490, 26, '09125763683', 1, '1657427382'),
(491, 26, '09125763683', 1, '1657428035'),
(492, 127, '09100580518', 1, '1657434258'),
(493, 127, '09100580518', 1, '1657436757'),
(494, 180, '09123056336', 1, '1657436842'),
(495, 128, '09129340812', 1, '1657436944'),
(496, 127, '09100580518', 1, '1657437223'),
(497, 0, '09125783848', 0, '1657441733'),
(498, 0, '09125783848', 0, '1657441741'),
(499, 244, '09125873848', 1, '1657441765'),
(500, 67, '09126481086', 1, '1657442971'),
(501, 0, '09125763683', 0, '1657443035'),
(502, 0, '09125763683', 0, '1657443044'),
(503, 0, '09125763683', 0, '1657443083'),
(504, 0, '09125763683', 0, '1657443101'),
(505, 0, '09125763683', 0, '1657443115'),
(506, 0, '09125763683', 0, '1657443176'),
(507, 0, '09125763683', 0, '1657443184'),
(508, 0, '091257636833', 0, '1657443232'),
(509, 26, '09125763683', 1, '1657443360'),
(510, 26, '09125763683', 1, '1657444755'),
(511, 26, '09125763683', 1, '1657449399'),
(512, 26, '09125763683', 1, '1657452305'),
(513, 26, '09125763683', 1, '1657461094'),
(514, 26, '09125763683', 1, '1657519265'),
(515, 26, '09125763683', 1, '1657528930'),
(516, 26, '09125763683', 1, '1657555502'),
(517, 26, '09125763683', 1, '1657601496'),
(518, 180, '09123056336', 1, '1657604430'),
(519, 26, '09125763683', 1, '1657604460'),
(520, 244, '09125873848', 1, '1657606841'),
(521, 127, '09100580518', 1, '1657607501'),
(522, 26, '09125763683', 1, '1657607501'),
(523, 26, '09125763683', 1, '1657609143'),
(524, 0, '09100580518', 0, '1657609145'),
(525, 127, '09100580518', 1, '1657609152'),
(526, 0, '09125783848', 0, '1657609821'),
(527, 244, '09125873848', 1, '1657609831'),
(528, 26, '09125763683', 1, '1657618892'),
(529, 244, '09125873848', 1, '1657620058'),
(530, 26, '09125763683', 1, '1657620107'),
(531, 244, '09125873848', 1, '1657620639'),
(532, 26, '09125763683', 1, '1657620713'),
(533, 0, '0912587', 0, '1657620933'),
(534, 244, '09125873848', 1, '1657620939'),
(535, 26, '09125763683', 1, '1657620978'),
(536, 0, '09125783848', 0, '1657621210'),
(537, 244, '09125873848', 1, '1657621217'),
(538, 26, '09125763683', 1, '1657621346'),
(539, 26, '09125763683', 1, '1657621467'),
(540, 180, '09123056336', 1, '1657621867'),
(541, 127, '09100580518', 1, '1657622595'),
(542, 244, '09125873848', 1, '1657646100'),
(543, 180, '09123056336', 1, '1657647887'),
(544, 0, '09123056336', 0, '1657688111'),
(545, 0, '09123056336', 0, '1657688117'),
(546, 26, '09125763683', 1, '1657688127'),
(547, 127, '09100580518', 1, '1657691455'),
(548, 244, '09125873848', 1, '1657696944'),
(549, 180, '09123056336', 1, '1657697542'),
(550, 180, '09123056336', 1, '1657698512'),
(551, 26, '09125763683', 1, '1657699486'),
(552, 1, '09120572107', 1, '1666356024'),
(553, 1, '09120572107', 1, '1666381977'),
(554, 0, '09120572107', 0, '1666551628'),
(555, 1, '09120572107', 1, '1666551632'),
(556, 1, '09120572107', 1, '1666631257'),
(557, 1, '09120572107', 1, '1666677835'),
(558, 1, '09120572107', 1, '1666688422');

-- --------------------------------------------------------

--
-- Table structure for table `person`
--

DROP TABLE IF EXISTS `person`;
CREATE TABLE IF NOT EXISTS `person` (
  `PersonId` int(11) NOT NULL AUTO_INCREMENT,
  `PersonFirstName` varchar(250) COLLATE utf8mb4_unicode_ci NOT NULL,
  `PersonLastName` varchar(250) COLLATE utf8mb4_unicode_ci NOT NULL,
  `PersonNationalCode` varchar(250) COLLATE utf8mb4_unicode_ci DEFAULT NULL,
  `PersonPhone` varchar(250) COLLATE utf8mb4_unicode_ci DEFAULT NULL,
  `PersonCode` varchar(250) COLLATE utf8mb4_unicode_ci DEFAULT NULL,
  `Username` varchar(250) COLLATE utf8mb4_unicode_ci NOT NULL,
  `Password` varchar(250) COLLATE utf8mb4_unicode_ci NOT NULL,
  PRIMARY KEY (`PersonId`),
  KEY `PersonPhone` (`PersonPhone`)
) ENGINE=InnoDB AUTO_INCREMENT=322 DEFAULT CHARSET=utf8mb4 COLLATE=utf8mb4_unicode_ci;

--
-- Dumping data for table `person`
--

INSERT INTO `person` (`PersonId`, `PersonFirstName`, `PersonLastName`, `PersonNationalCode`, `PersonPhone`, `PersonCode`, `Username`, `Password`) VALUES
(1, 'ادمین', 'سایت', '4900354376', '09120572107', NULL, '09120572107', '827ccb0eea8a706c4c34a16891f84e7b'),
(2, 'علی', 'بیگی', '0371007410', '09106140883', NULL, 's1', '827ccb0eea8a706c4c34a16891f84e7b'),
(3, 'پشتیبانی', '120', '0050605550', '091255412140', NULL, 's2', '827ccb0eea8a706c4c34a16891f84e7b');

-- --------------------------------------------------------

--
-- Table structure for table `state`
--

DROP TABLE IF EXISTS `state`;
CREATE TABLE IF NOT EXISTS `state` (
  `StateId` bigint(20) NOT NULL AUTO_INCREMENT,
  `StateName` varchar(255) COLLATE utf8mb4_unicode_ci NOT NULL,
  PRIMARY KEY (`StateId`)
) ENGINE=InnoDB AUTO_INCREMENT=32 DEFAULT CHARSET=utf8mb4 COLLATE=utf8mb4_unicode_ci;

--
-- Dumping data for table `state`
--

INSERT INTO `state` (`StateId`, `StateName`) VALUES
(1, 'آذربایجان شرقی'),
(2, 'آذربایجان غربی'),
(3, 'اردبيل'),
(4, 'اصفهان'),
(5, 'البرز'),
(6, 'ايلام'),
(7, 'بوشهر'),
(8, 'تهران'),
(9, 'چهارمحال و بختیاری'),
(10, 'خراسان جنوبی'),
(11, 'خراسان رضوی'),
(12, 'خراسان شمالی'),
(13, 'خوزستان'),
(14, 'زنجان'),
(15, 'سمنان'),
(16, 'سیستان و بلوچستان'),
(17, 'فارس'),
(18, 'قزوين'),
(19, 'قم'),
(20, 'كردستان'),
(21, 'كرمان'),
(22, 'كرمانشاه'),
(23, 'کهگیلویه و بویراحمد'),
(24, 'گلستان'),
(25, 'گيلان'),
(26, 'لرستان'),
(27, 'مازندران'),
(28, 'مرکزی'),
(29, 'هرمزگان'),
(30, 'همدان'),
(31, 'يزد');

--
-- Constraints for dumped tables
--

--
-- Constraints for table `foundation_admin`
--
ALTER TABLE `foundation_admin`
  ADD CONSTRAINT `FK_FoundationAdminFoundationID` FOREIGN KEY (`FoundationId`) REFERENCES `foundation` (`FoundationId`);

--
-- Constraints for table `foundation_order`
--
ALTER TABLE `foundation_order`
  ADD CONSTRAINT `FK_OrderFoundationId` FOREIGN KEY (`FoundationId`) REFERENCES `foundation` (`FoundationId`);
COMMIT;

/*!40101 SET CHARACTER_SET_CLIENT=@OLD_CHARACTER_SET_CLIENT */;
/*!40101 SET CHARACTER_SET_RESULTS=@OLD_CHARACTER_SET_RESULTS */;
/*!40101 SET COLLATION_CONNECTION=@OLD_COLLATION_CONNECTION */;
